name,file,template,loadspec,secondary,group,vol_min,vol_max,team_vol_mod,dist_min,dist_max,dist_reverb_max,volume_falloff_curve,reverb_falloff_curve,volume_min_falloff_curve,reverb_min_falloff_curve,limit_count,limit_type,entity_limit_count,entity_limit_type,pitch_min,pitch_max,team_pitch_mod,min_priority,max_priority,min_priority_threshold,max_priority_threshold,spatialized,type,loop,randomize_type,probability,start_delay,reverb_send,duck,duck_group,pan,center_send,envelop_min,envelop_max,envelop_percentage,occlusion_level,occlusion_wet_dry,is_big,distance_lpf,move_type,move_time,real_delay,subtitle,mature,doppler,futz,context_type,context_value,compression,timescale,music,fade_in,fade_out,pc_format,pause,stop_on_death,bus,snapshot
fly_blundergat_close,raw\sound\wpn\blundergat\reload\blunder_reload_572.LN65.pc.snd,,,,grp_foley,23252,23252,,0,5000,5000,default,default,allon,allon,8,priority,8,oldest,31143,34396,,70,70,63,-1,,loaded,nonlooping,volume,-1,0,20,,snp_foley,2d,0,0,0,0,63,,no,yes,none,0,,,,no,0,0,0,,yes,no,0,0,,yes,no,bus_fx,
fly_blundergat_insert,raw\sound\wpn\blundergat\reload\blunder_reload_535.LN65.pc.snd,,,,grp_foley,23252,23252,,0,5000,5000,default,default,allon,allon,8,priority,8,oldest,31143,34396,,70,70,63,-1,,loaded,nonlooping,volume,-1,0,20,,snp_foley,2d,0,0,0,0,63,,no,yes,none,0,,,,no,0,0,0,,yes,no,0,0,,yes,no,bus_fx,
fly_blundergat_open,raw\sound\wpn\blundergat\reload\blunder_reload_512.LN65.pc.snd,,,,grp_foley,23252,23252,,0,5000,5000,default,default,allon,allon,8,priority,8,oldest,31143,34396,,70,70,63,-1,,loaded,nonlooping,volume,-1,0,20,,snp_foley,2d,0,0,0,0,63,,no,yes,none,0,,,,no,0,0,0,,yes,no,0,0,,yes,no,bus_fx,
wpn_blundergat_dryfire_npc,raw\sound\wpn\shotgun\dry_fire\npc\dry_fire_00.LN65.pc.snd,,,,grp_weapon,16461,16461,,900,900,900,alloff,default,cosdelay,cosdelay,6,priority,2,oldest,31143,34396,,50,90,63,-52,,loaded,nonlooping,volume,-1,0,368,,snp_wpn_3p,3d,0,0,0,0,63,,no,no,none,0,,,,no,0,0,0,,yes,no,0,0,,yes,no,bus_fx,
wpn_blundergat_dryfire_plr,raw\sound\wpn\shotgun\dry_fire\plr\dry_fire_00.LN65.pc.snd,,,,grp_weapon,32845,32845,,0,5000,5000,default,default,allon,allon,8,priority,2,oldest,30927,34715,,90,90,63,-1,,loaded,nonlooping,volume,-1,0,1165,,snp_wpn_1p,2d,0,0,0,0,63,,no,no,none,0,,,,no,0,0,0,,yes,no,0,0,,yes,no,bus_fx,
wpn_blundergat_fire_npc,raw\sound\wpn\blundergat\shot\wpn_blundergat_fire.LN65.pc.snd,,,wpn_blundergat_npc_LFE,grp_weapon,16461,16461,,900,900,900,alloff,default,cosdelay,cosdelay,6,priority,2,oldest,31143,34396,,50,90,63,-52,,loaded,nonlooping,volume,-1,0,368,,snp_wpn_3p,3d,0,0,0,0,63,,no,no,none,0,,,,no,0,0,0,,yes,no,0,0,,yes,no,bus_fx,
wpn_blundergat_fire_npc_decay,raw\sound\wpn\assault\decay\ext\wpn_assault_decay_ext.LN65.pc.snd,,,,grp_weapon,4639,4639,,50,900,900,default,default,allon,rcurve1,3,priority,1,oldest,30927,34715,,20,70,38,-1,,loaded,nonlooping,volume,-1,0,368,,snp_wpn_3p,3d,0,0,0,0,63,,no,no,none,0,,,,no,0,2155298321,3434048311,,yes,no,0,0,,yes,no,bus_fx,
wpn_blundergat_fire_npc_decay,raw\sound\wpn\shotgun\decay\int\wpn_shotgun_decay_int.LN65.pc.snd,,,,grp_weapon,1467,1467,,50,900,900,default,default,allon,rcurve1,3,priority,1,oldest,30927,34715,,20,70,38,-1,,loaded,nonlooping,volume,-1,0,368,,snp_wpn_3p,3d,0,0,0,0,63,,no,no,none,0,,,,no,0,2155298321,1609388568,,yes,no,0,0,,yes,no,bus_fx,
wpn_blundergat_fire_npc_pap,raw\sound\wpn\pap\pap_shot_st.LN65.pc.snd,,,wpn_blundergat_flux_l_npc_pap,grp_weapon,8250,8250,,75,1250,1250,default,default,allon,allon,10,priority,3,oldest,30927,34715,,50,90,89,-1,,loaded,nonlooping,variant,-1,0,6553,,snp_wpn_3p,3d,0,0,0,0,63,,no,no,none,0,,,,no,0,0,0,,yes,no,0,0,,yes,no,bus_fx,
wpn_blundergat_fire_plr,raw\sound\wpn\blundergat\shot\wpn_blundergat_fire.LN65.pc.snd,,,wpn_blundergat_LFE,grp_weapon,32845,32845,,0,5000,5000,default,default,allon,allon,8,priority,2,oldest,30927,34715,,90,90,63,-1,,loaded,nonlooping,volume,-1,0,1165,,snp_wpn_1p,2d,0,0,0,0,63,,no,no,none,0,,,,no,0,0,0,,yes,no,0,0,,yes,no,bus_fx,
wpn_blundergat_fire_plr_decay,raw\sound\wpn\assault\decay\ext\wpn_assault_decay_ext.LN65.pc.snd,,,,grp_weapon,9257,9257,,0,5000,5000,default,default,allon,allon,3,oldest,8,oldest,31834,33727,,90,90,63,-1,,loaded,nonlooping,volume,-1,0,655,,snp_wpn_1p,2d,0,0,0,0,63,,no,no,none,0,,,,no,0,2155298321,3434048311,,yes,no,0,0,,yes,no,bus_fx,
wpn_blundergat_fire_plr_decay,raw\sound\wpn\shotgun\decay\int\wpn_shotgun_decay_int.LN65.pc.snd,,,,grp_weapon,9257,9257,,0,5000,5000,default,default,allon,allon,3,oldest,8,oldest,31834,33727,,90,90,63,-1,,loaded,nonlooping,volume,-1,0,655,,snp_wpn_1p,2d,0,0,0,0,63,,no,no,none,0,,,,no,0,2155298321,1609388568,,yes,no,0,0,,yes,no,bus_fx,
wpn_blundergat_fire_plr_pap,raw\sound\wpn\pap\pap_shot_st.LN65.pc.snd,,,wpn_blundergat_flux_l_plr_pap,grp_weapon,14671,14671,,0,5000,5000,default,default,allon,allon,1,oldest,8,oldest,32767,32767,,90,90,63,-1,,loaded,nonlooping,volume,-1,0,2072,,snp_wpn_1p,2d,0,0,0,0,63,,no,no,none,0,,,,no,0,0,0,,yes,no,0,0,,yes,no,bus_hdrfx,
wpn_blundergat_flux_l_npc_pap,raw\sound\wpn\pap\pap_flux_left.LN65.pc.snd,,,wpn_blundergat_flux_r_npc_pap,grp_weapon,3685,3685,,25,900,900,default,default,allon,allon,8,priority,4,priority,32129,33416,,85,90,63,-1,,loaded,nonlooping,variant,-1,0,10386,,snp_wpn_3p,3d,0,0,0,0,63,,no,no,left_shot,4000,,,,no,0,0,0,,yes,no,0,0,,yes,no,bus_fx,
wpn_blundergat_flux_l_plr_pap,raw\sound\wpn\pap\pap_flux_left.LN65.pc.snd,,,wpn_blundergat_flux_r_plr_pap,grp_weapon,3685,3685,,25,900,900,default,default,allon,allon,8,priority,4,priority,32129,33416,,85,90,63,-1,,loaded,nonlooping,variant,-1,0,10386,,snp_wpn_3p,3d,0,0,0,0,63,,no,no,left_shot,4000,,,,no,0,0,0,,yes,no,0,0,,yes,no,bus_fx,
wpn_blundergat_flux_r_npc_pap,raw\sound\wpn\pap\pap_flux_right.LN65.pc.snd,,,wpn_blundergat_fire_npc,grp_weapon,3685,3685,,25,900,900,default,default,allon,allon,8,priority,4,priority,32129,33416,,85,90,63,-1,,loaded,nonlooping,variant,-1,0,10386,,snp_wpn_3p,3d,0,0,0,0,63,,no,no,right_shot,4000,,,,no,0,0,0,,yes,no,0,0,,yes,no,bus_fx,
wpn_blundergat_flux_r_plr_pap,raw\sound\wpn\pap\pap_flux_right.LN65.pc.snd,,,wpn_blundergat_fire_plr,grp_weapon,3685,3685,,25,900,900,default,default,allon,allon,8,priority,4,priority,32129,33416,,85,90,63,-1,,loaded,nonlooping,variant,-1,0,10386,,snp_wpn_3p,3d,0,0,0,0,63,,no,no,right_shot,4000,,,,no,0,0,0,,yes,no,0,0,,yes,no,bus_fx,
wpn_blundergat_LFE,raw\sound\wpn\shotgun\srm1216\lfe\wpn_srm1216_lfe.LN65.pc.snd,,,wpn_blundergat_fire_plr_decay,grp_wpn_lfe,13075,13075,,0,5000,5000,default,default,allon,allon,8,priority,2,oldest,32767,32767,,85,90,63,-1,,loaded,nonlooping,volume,-1,0,0,,snp_wpn_1p,2d,0,0,0,0,63,,no,no,none,0,,,,no,0,0,0,,no,no,0,0,,yes,no,bus_hdrfx,
wpn_blundergat_npc_dist,raw\sound\wpn\dist_guns\sht\wpn_shotgun_dist_00.LN65.pc.snd,,,wpn_blundergat_fire_npc_decay,grp_weapon,16461,16461,,900,6000,12500,default,allon,sindelay,sindelay,6,priority,3,oldest,27553,38966,,90,40,63,-1,,loaded,nonlooping,variant,-1,0,6553,,snp_wpn_3p,3d,0,0,0,0,63,,no,no,none,0,,,,no,0,0,0,,yes,no,0,0,,yes,no,bus_fx,
wpn_blundergat_npc_dist,raw\sound\wpn\dist_guns\sht\wpn_shotgun_dist_01.LN65.pc.snd,,,wpn_blundergat_fire_npc_decay,grp_weapon,16461,16461,,900,6000,12500,default,allon,sindelay,sindelay,6,priority,3,oldest,27553,38966,,90,40,63,-1,,loaded,nonlooping,variant,-1,0,6553,,snp_wpn_3p,3d,0,0,0,0,63,,no,no,none,0,,,,no,0,0,0,,yes,no,0,0,,yes,no,bus_fx,
wpn_blundergat_npc_LFE,raw\sound\wpn\shotgun\srm1216\lfe\wpn_srm1216_lfe.LN65.pc.snd,,,wpn_blundergat_npc_dist,grp_wpn_lfe,7353,7353,,25,225,225,default,default,allon,allon,3,priority,1,oldest,32767,32767,,40,90,63,-65,,loaded,nonlooping,volume,-1,0,0,,snp_wpn_3p,3d,0,0,0,0,63,,no,no,none,0,,,,no,0,0,0,,no,no,0,0,,yes,no,bus_hdrfx,
wpn_blundergat_silencer_fire_npc,raw\sound\wpn\shotgun\saiga12\plr\shot\silenced\wpn_saiga12_sil_shot_plr.LN65.pc.snd,,,wpn_blundergat_silencer_LFE_npc,grp_weapon,8250,8250,,900,900,901,alloff,default,cosdelay,cosdelay,8,priority,2,oldest,31834,33727,,40,90,63,-52,,loaded,nonlooping,volume,-1,0,0,,snp_wpn_3p,3d,0,0,0,0,63,,no,no,none,0,,,,no,0,0,0,,yes,no,0,0,,yes,no,bus_fx,
wpn_blundergat_silencer_fire_npc_decay,raw\sound\wpn\assault\decay\int\silenced\wpn_aslt_decay_silenced_int.LN65.pc.snd,,,,grp_weapon,1467,1467,,50,900,900,default,default,allon,rcurve1,3,priority,1,oldest,30927,34715,,20,70,38,-1,,loaded,nonlooping,volume,-1,0,368,,snp_wpn_3p,3d,0,0,0,0,63,,no,no,none,0,,,,no,0,2155298321,1609388568,,yes,no,0,0,,yes,no,bus_fx,
wpn_blundergat_silencer_fire_npc_decay,raw\sound\wpn\pistol\decay\ext\silenced\wpn_pistol_decay_silenced_ext.LN65.pc.snd,,,,grp_weapon,4639,4639,,50,900,900,default,default,allon,rcurve1,3,priority,1,oldest,30927,34715,,20,70,38,-1,,loaded,nonlooping,volume,-1,0,368,,snp_wpn_3p,3d,0,0,0,0,63,,no,no,none,0,,,,no,0,2155298321,3434048311,,yes,no,0,0,,yes,no,bus_fx,
wpn_blundergat_silencer_fire_plr,raw\sound\wpn\shotgun\saiga12\plr\shot\silenced\wpn_saiga12_sil_shot_plr.LN65.pc.snd,,,wpn_blundergat_silencer_LFE,grp_weapon,29273,29273,,0,5000,5000,default,default,allon,allon,3,oldest,8,oldest,31834,33727,,90,90,63,-1,,loaded,nonlooping,volume,-1,0,0,,snp_wpn_1p,2d,0,0,0,0,63,,no,no,none,0,,,,no,0,0,0,,yes,no,0,0,,yes,no,bus_fx,
wpn_blundergat_silencer_fire_plr_decay,raw\sound\wpn\assault\decay\int\silenced\wpn_aslt_decay_silenced_int.LN65.pc.snd,,,,grp_weapon,9257,9257,,0,5000,5000,default,default,allon,allon,3,oldest,8,oldest,31834,33727,,90,90,63,-1,,loaded,nonlooping,volume,-1,0,3685,,snp_wpn_1p,2d,0,0,0,0,63,,no,no,none,0,,,,no,0,2155298321,1609388568,,yes,no,0,0,,yes,no,bus_fx,
wpn_blundergat_silencer_fire_plr_decay,raw\sound\wpn\pistol\decay\ext\silenced\wpn_pistol_decay_silenced_ext.LN65.pc.snd,,,,grp_weapon,9257,9257,,0,5000,5000,default,default,allon,allon,3,oldest,8,oldest,31834,33727,,90,90,63,-1,,loaded,nonlooping,volume,-1,0,2072,,snp_wpn_1p,2d,0,0,0,0,63,,no,no,none,0,,,,no,0,2155298321,3434048311,,yes,no,0,0,,yes,no,bus_fx,
wpn_blundergat_silencer_lfe,raw\sound\wpn\smg\mp7\plr\lfe\wpn_mp7_fire_lfe.LN65.pc.snd,,,wpn_blundergat_silencer_fire_plr_decay,grp_wpn_lfe,13075,13075,,0,5000,5000,default,default,allon,allon,8,priority,2,oldest,32767,32767,,85,90,63,-1,,loaded,nonlooping,volume,-1,0,0,,snp_wpn_1p,2d,0,0,0,0,63,,no,no,none,0,,,,no,0,0,0,,no,no,0,0,,yes,no,bus_hdrfx,
wpn_blundergat_silencer_LFE_npc,raw\sound\wpn\smg\mp7\plr\lfe\wpn_mp7_fire_lfe.LN65.pc.snd,,,wpn_blundergat_silencer_fire_npc_decay,grp_wpn_lfe,7353,7353,,25,225,225,default,default,allon,allon,3,priority,1,oldest,32767,32767,,40,90,63,-65,,loaded,nonlooping,volume,-1,0,0,,snp_wpn_3p,3d,0,0,0,0,63,,no,no,none,0,,,,no,0,0,0,,no,no,0,0,,yes,no,bus_hdrfx,
wpn_blundersplat_exp_LFE,raw\sound\wpn\shotgun\srm1216\lfe\wpn_srm1216_lfe.LN65.pc.snd,,,wpn_blundersplat_fire_exp_plr_decay,grp_wpn_lfe,20723,20723,,0,5000,5000,default,default,allon,allon,8,priority,2,oldest,32767,32767,,85,90,63,-1,,loaded,nonlooping,volume,-1,0,0,,snp_wpn_1p,2d,0,0,0,0,63,,no,no,none,0,,,,no,0,0,0,,no,no,0,0,,yes,no,bus_hdrfx,
wpn_blundersplat_explode,raw\sound\wpn\slipgun\explode\explo_00.LN65.pc.snd,,,wpn_blundersplat_explode_layer,grp_hdrfx,18470,26089,,425,1000,3000,default,default,allon,allon,8,priority,8,oldest,32767,32767,,95,100,63,-1,,loaded,nonlooping,volume,-1,0,655,,snp_hdrfx,3d,0,0,0,0,0,,no,no,none,0,,,,no,0,0,0,,yes,no,0,0,,yes,no,bus_hdrfx,
wpn_blundersplat_explode,raw\sound\wpn\slipgun\explode\explo_01.LN65.pc.snd,,,wpn_blundersplat_explode_layer,grp_hdrfx,18470,26089,,425,1000,3000,default,default,allon,allon,8,priority,8,oldest,32767,32767,,95,100,63,-1,,loaded,nonlooping,volume,-1,0,655,,snp_hdrfx,3d,0,0,0,0,0,,no,no,none,0,,,,no,0,0,0,,yes,no,0,0,,yes,no,bus_hdrfx,
wpn_blundersplat_explode,raw\sound\wpn\slipgun\explode\explo_02.LN65.pc.snd,,,wpn_blundersplat_explode_layer,grp_hdrfx,18470,26089,,425,1000,3000,default,default,allon,allon,8,priority,8,oldest,32767,32767,,95,100,63,-1,,loaded,nonlooping,volume,-1,0,655,,snp_hdrfx,3d,0,0,0,0,0,,no,no,none,0,,,,no,0,0,0,,yes,no,0,0,,yes,no,bus_hdrfx,
wpn_blundersplat_explode,raw\sound\wpn\slipgun\explode\explo_03.LN65.pc.snd,,,wpn_blundersplat_explode_layer,grp_hdrfx,18470,26089,,425,1000,3000,default,default,allon,allon,8,priority,8,oldest,32767,32767,,95,100,63,-1,,loaded,nonlooping,volume,-1,0,655,,snp_hdrfx,3d,0,0,0,0,0,,no,no,none,0,,,,no,0,0,0,,yes,no,0,0,,yes,no,bus_hdrfx,
wpn_blundersplat_explode_layer,raw\sound\wpn\ubersniper\bomb\us_bomb_explo_2.LN65.pc.snd,,,wpn_blundersplat_explode_lfe,grp_explosion,36853,36853,,125,400,500,default,default,allon,allon,4,oldest,8,oldest,27553,38966,,90,99,63,-52,,loaded,nonlooping,volume,-1,0,6,,snp_explosion,3d,0,50,500,11653,51,,yes,no,none,0,,,,no,0,0,0,,yes,no,0,0,,yes,no,bus_fx,
wpn_blundersplat_explode_lfe,raw\sound\wpn\ubersniper\bomb\us_lfe_2.LN65.pc.snd,,,,grp_lfe,20723,20723,,250,750,900,default,default,allon,allon,4,oldest,8,oldest,32767,32767,,25,80,63,-65,,loaded,nonlooping,volume,-1,0,0,,snp_explosion,3d,0,0,0,0,0,,yes,no,none,0,,,,no,0,0,0,,yes,no,0,0,,yes,no,bus_hdrfx,
wpn_blundersplat_fire_exp_darts_npc,raw\sound\wpn\shotgun\titus\dart\wpn_titus_dart.LN65.pc.snd,,,wpn_blundersplat_fire_exp_LFE_npc,grp_weapon,16461,16461,,900,900,900,alloff,default,cosdelay,cosdelay,6,priority,2,oldest,31143,34396,,50,90,63,-52,,loaded,nonlooping,volume,-1,0,368,,snp_wpn_3p,3d,0,0,0,0,63,,no,no,none,0,,,,no,0,0,0,,yes,no,0,0,,yes,no,bus_fx,
wpn_blundersplat_fire_exp_darts_plr,raw\sound\wpn\shotgun\titus\dart\wpn_titus_dart.LN65.pc.snd,,,wpn_blundersplat_exp_LFE,grp_weapon,32845,32845,,0,5000,5000,default,default,allon,allon,8,priority,2,oldest,29192,36779,,90,90,63,-1,,loaded,nonlooping,volume,-1,0,0,,snp_wpn_1p,2d,0,0,0,0,63,,no,no,none,0,,,,no,0,0,0,,yes,no,0,0,,yes,no,bus_fx,
wpn_blundersplat_fire_exp_LFE_npc,raw\sound\wpn\shotgun\srm1216\lfe\wpn_srm1216_lfe.LN65.pc.snd,,,wpn_blundersplat_fire_exp_npc_decay,grp_wpn_lfe,7353,7353,,25,225,225,default,default,allon,allon,3,priority,1,oldest,32767,32767,,40,90,63,-65,,loaded,nonlooping,volume,-1,0,0,,snp_wpn_3p,3d,0,0,0,0,63,,no,no,none,0,,,,no,0,0,0,,no,no,0,0,,yes,no,bus_hdrfx,
wpn_blundersplat_fire_exp_npc,raw\sound\wpn\blundersplat\shot\shot.LN65.pc.snd,,,wpn_blundersplat_fire_exp_darts_npc,grp_weapon,23252,23252,,900,900,900,alloff,default,cosdelay,cosdelay,6,priority,2,oldest,31143,34396,,50,90,63,-52,,loaded,nonlooping,volume,-1,0,368,,snp_wpn_3p,3d,0,0,0,0,63,,no,no,none,0,,,,no,0,0,0,,yes,no,0,0,,yes,no,bus_fx,
wpn_blundersplat_fire_exp_npc_decay,raw\sound\wpn\assault\decay\ext\wpn_assault_decay_ext.LN65.pc.snd,,,,grp_weapon,4639,4639,,50,900,900,default,default,allon,rcurve1,3,priority,1,oldest,30927,34715,,20,70,38,-1,,loaded,nonlooping,volume,-1,0,368,,snp_wpn_3p,3d,0,0,0,0,63,,no,no,none,0,,,,no,0,2155298321,3434048311,,yes,no,0,0,,yes,no,bus_fx,
wpn_blundersplat_fire_exp_npc_decay,raw\sound\wpn\shotgun\decay\int\wpn_shotgun_decay_int.LN65.pc.snd,,,,grp_weapon,1467,1467,,50,900,900,default,default,allon,rcurve1,3,priority,1,oldest,30927,34715,,20,70,38,-1,,loaded,nonlooping,volume,-1,0,368,,snp_wpn_3p,3d,0,0,0,0,63,,no,no,none,0,,,,no,0,2155298321,1609388568,,yes,no,0,0,,yes,no,bus_fx,
wpn_blundersplat_fire_exp_plr,raw\sound\wpn\blundersplat\shot\shot.LN65.pc.snd,,,wpn_blundersplat_fire_exp_darts_plr,grp_weapon,52056,52056,,0,5000,5000,default,default,allon,allon,8,priority,2,oldest,30927,34715,,90,90,63,-1,,loaded,nonlooping,volume,-1,0,0,,snp_wpn_1p,2d,0,0,0,0,63,,no,no,none,0,,,,no,0,0,0,,yes,no,0,0,,yes,no,bus_fx,
wpn_blundersplat_fire_exp_plr_decay,raw\sound\wpn\assault\decay\ext\wpn_assault_decay_ext.LN65.pc.snd,,,,grp_weapon,9257,9257,,0,5000,5000,default,default,allon,allon,3,oldest,8,oldest,31834,33727,,90,90,63,-1,,loaded,nonlooping,volume,-1,0,655,,snp_wpn_1p,2d,0,0,0,0,63,,no,no,none,0,,,,no,0,2155298321,3434048311,,yes,no,0,0,,yes,no,bus_fx,
wpn_blundersplat_fire_exp_plr_decay,raw\sound\wpn\shotgun\decay\int\wpn_shotgun_decay_int.LN65.pc.snd,,,,grp_weapon,9257,9257,,0,5000,5000,default,default,allon,allon,3,oldest,8,oldest,31834,33727,,90,90,63,-1,,loaded,nonlooping,volume,-1,0,655,,snp_wpn_1p,2d,0,0,0,0,63,,no,no,none,0,,,,no,0,2155298321,1609388568,,yes,no,0,0,,yes,no,bus_fx,
wpn_blundersplat_fire_npc_pap,raw\sound\wpn\pap\pap_shot_st.LN65.pc.snd,,,wpn_blundersplat_flux_l_npc_pap,grp_weapon,8250,8250,,75,1250,1250,default,default,allon,allon,10,priority,3,oldest,30927,34715,,50,90,89,-1,,loaded,nonlooping,variant,-1,0,6553,,snp_wpn_3p,3d,0,0,0,0,63,,no,no,none,0,,,,no,0,0,0,,yes,no,0,0,,yes,no,bus_fx,
wpn_blundersplat_fire_plr_pap,raw\sound\wpn\pap\pap_shot_st.LN65.pc.snd,,,wpn_blundersplat_flux_l_plr_pap,grp_weapon,14671,14671,,0,5000,5000,default,default,allon,allon,1,oldest,8,oldest,32767,32767,,90,90,63,-1,,loaded,nonlooping,volume,-1,0,2072,,snp_wpn_1p,2d,0,0,0,0,63,,no,no,none,0,,,,no,0,0,0,,yes,no,0,0,,yes,no,bus_hdrfx,
wpn_blundersplat_flux_l_npc_pap,raw\sound\wpn\pap\pap_flux_left.LN65.pc.snd,,,wpn_blundersplat_flux_r_npc_pap,grp_weapon,3685,3685,,25,900,900,default,default,allon,allon,8,priority,4,priority,32129,33416,,85,90,63,-1,,loaded,nonlooping,variant,-1,0,10386,,snp_wpn_3p,3d,0,0,0,0,63,,no,no,left_shot,4000,,,,no,0,0,0,,yes,no,0,0,,yes,no,bus_fx,
wpn_blundersplat_flux_l_plr_pap,raw\sound\wpn\pap\pap_flux_left.LN65.pc.snd,,,wpn_blundersplat_flux_r_plr_pap,grp_weapon,3685,3685,,25,900,900,default,default,allon,allon,8,priority,4,priority,32129,33416,,85,90,63,-1,,loaded,nonlooping,variant,-1,0,10386,,snp_wpn_3p,3d,0,0,0,0,63,,no,no,left_shot,4000,,,,no,0,0,0,,yes,no,0,0,,yes,no,bus_fx,
wpn_blundersplat_flux_r_npc_pap,raw\sound\wpn\pap\pap_flux_right.LN65.pc.snd,,,wpn_blundersplat_fire_exp_npc,grp_weapon,3685,3685,,25,900,900,default,default,allon,allon,8,priority,4,priority,32129,33416,,85,90,63,-1,,loaded,nonlooping,variant,-1,0,10386,,snp_wpn_3p,3d,0,0,0,0,63,,no,no,right_shot,4000,,,,no,0,0,0,,yes,no,0,0,,yes,no,bus_fx,
wpn_blundersplat_flux_r_plr_pap,raw\sound\wpn\pap\pap_flux_right.LN65.pc.snd,,,wpn_blundersplat_fire_exp_plr,grp_weapon,3685,3685,,25,900,900,default,default,allon,allon,8,priority,4,priority,32129,33416,,85,90,63,-1,,loaded,nonlooping,variant,-1,0,10386,,snp_wpn_3p,3d,0,0,0,0,63,,no,no,right_shot,4000,,,,no,0,0,0,,yes,no,0,0,,yes,no,bus_fx,
wpn_blundersplat_fuse,raw\sound\wpn\blundersplat\fuse.LL65.pc.snd,,,,grp_weapon,8250,8250,,175,375,425,alloff,default,cosdelay,cosdelay,6,priority,2,oldest,34715,40108,,50,90,63,-52,,loaded,looping,volume,-1,0,368,,snp_wpn_3p,3d,0,0,0,0,25,,no,no,none,0,,,,no,0,0,0,,yes,no,0,0,,yes,no,bus_fx,
zmb_acidgat_upgrade_machine,raw\sound\zmb\level\zm_alcatraz\acid_upgrade.SN65.pc.snd,,,,grp_hdrfx,29273,29273,,125,325,375,default,default,allon,allon,8,priority,8,oldest,32767,32767,,95,100,63,-1,,streamed,nonlooping,volume,-1,0,655,,snp_scripted_moment,3d,0,37,50,36853,0,,no,no,none,0,,,,no,0,0,0,,no,no,0,0,,yes,no,bus_hdrfx,
fly_tommy_bolt_back,raw\sound\wpn\assault\reload\fly_assault_bb.LN65.pc.snd,,,,grp_foley,13075,18470,,0,5000,5000,default,default,allon,allon,8,priority,8,oldest,31143,34396,,70,70,63,-1,,loaded,nonlooping,volume,-1,0,20,,snp_foley,2d,0,0,0,0,63,,no,yes,none,0,,,,no,0,0,0,,yes,no,0,0,,yes,no,bus_fx,
fly_tommy_bolt_release,raw\sound\wpn\assault\reload\fly_assault_bf.LN65.pc.snd,,,,grp_foley,13075,18470,,0,5000,5000,default,default,allon,allon,8,priority,8,oldest,31143,34396,,70,70,63,-1,,loaded,nonlooping,volume,-1,0,20,,snp_foley,2d,0,0,0,0,63,,no,yes,none,0,,,,no,0,0,0,,yes,no,0,0,,yes,no,bus_fx,
fly_tommy_button,raw\sound\wpn\assault\m16\reload\fly_m16_button.LN65.pc.snd,,,,grp_foley,13075,18470,,0,5000,5000,default,default,allon,allon,8,priority,8,oldest,31143,34396,,70,70,63,-1,,loaded,nonlooping,volume,-1,0,20,,snp_foley,2d,0,0,0,0,63,,no,yes,none,0,,,,no,0,0,0,,yes,no,0,0,,yes,no,bus_fx,
fly_tommy_charge,raw\sound\wpn\assault\reload\fly_assault_charge.LN65.pc.snd,,,,grp_foley,13075,18470,,0,5000,5000,default,default,allon,allon,8,priority,8,oldest,31143,34396,,70,70,63,-1,,loaded,nonlooping,volume,-1,0,20,,snp_foley,2d,0,0,0,0,63,,no,yes,none,0,,,,no,0,0,0,,yes,no,0,0,,yes,no,bus_fx,
fly_tommy_mag_in,raw\sound\wpn\assault\reload\fly_assault_mag_in.LN65.pc.snd,,,,grp_foley,13075,18470,,0,5000,5000,default,default,allon,allon,8,priority,8,oldest,31143,34396,,70,70,63,-1,,loaded,nonlooping,volume,-1,0,20,,snp_foley,2d,0,0,0,0,63,,no,yes,none,0,,,,no,0,0,0,,yes,no,0,0,,yes,no,bus_fx,
fly_tommy_mag_out,raw\sound\wpn\assault\reload\fly_assault_mag_out.LN65.pc.snd,,,,grp_foley,13075,18470,,0,5000,5000,default,default,allon,allon,8,priority,8,oldest,31143,34396,,70,70,63,-1,,loaded,nonlooping,volume,-1,0,20,,snp_foley,2d,0,0,0,0,63,,no,yes,none,0,,,,no,0,0,0,,yes,no,0,0,,yes,no,bus_fx,
wpn_tommy_1straise_npc,raw\sound\fly\gear\rattle\fly_cloth_00.LN65.pc.snd,,,,grp_foley,3685,3685,,75,500,500,default,default,allon,allon,4,priority,8,oldest,31107,34515,,15,30,63,-1,,loaded,nonlooping,volume,-1,0,20,,snp_foley,3d,0,25,250,3685,63,,no,yes,none,0,,,,no,0,0,0,,yes,no,0,0,,yes,no,bus_fx,
wpn_tommy_1straise_npc,raw\sound\fly\gear\rattle\fly_cloth_01.LN65.pc.snd,,,,grp_foley,3685,3685,,75,500,500,default,default,allon,allon,4,priority,8,oldest,31107,34515,,15,30,63,-1,,loaded,nonlooping,volume,-1,0,20,,snp_foley,3d,0,25,250,3685,63,,no,yes,none,0,,,,no,0,0,0,,yes,no,0,0,,yes,no,bus_fx,
wpn_tommy_1straise_npc,raw\sound\fly\gear\rattle\fly_cloth_02.LN65.pc.snd,,,,grp_foley,3685,3685,,75,500,500,default,default,allon,allon,4,priority,8,oldest,31107,34515,,15,30,63,-1,,loaded,nonlooping,volume,-1,0,20,,snp_foley,3d,0,25,250,3685,63,,no,yes,none,0,,,,no,0,0,0,,yes,no,0,0,,yes,no,bus_fx,
wpn_tommy_1straise_npc,raw\sound\fly\gear\rattle\fly_cloth_03.LN65.pc.snd,,,,grp_foley,3685,3685,,75,500,500,default,default,allon,allon,4,priority,8,oldest,31107,34515,,15,30,63,-1,,loaded,nonlooping,volume,-1,0,20,,snp_foley,3d,0,25,250,3685,63,,no,yes,none,0,,,,no,0,0,0,,yes,no,0,0,,yes,no,bus_fx,
wpn_tommy_1straise_plr,raw\sound\fly\gear\rattle\long\fly_cloth_00.LN65.pc.snd,,,,grp_foley,13075,18470,,0,5000,5000,default,default,allon,allon,8,priority,8,oldest,31143,34396,,70,70,63,-1,,loaded,nonlooping,volume,-1,0,20,,snp_foley,2d,0,0,0,0,63,,no,yes,none,0,,,,no,0,0,0,,yes,no,0,0,,yes,no,bus_fx,
wpn_tommy_dryfire_npc,raw\sound\wpn\smg\dry_fire\npc\dry_fire_npc.LN65.pc.snd,,,,grp_weapon,14671,14671,,900,900,900,alloff,default,cosdelay,cosdelay,8,priority,3,oldest,30047,35732,,20,90,63,-52,,loaded,nonlooping,volume,-1,0,368,,snp_wpn_3p,3d,0,0,0,0,63,,no,no,none,0,,,,no,0,0,0,,yes,no,0,0,,yes,no,bus_fx,
wpn_tommy_dryfire_plr,raw\sound\wpn\smg\dry_fire\plr\dry_fire_plr.LN65.pc.snd,,,,grp_weapon,29273,29273,,0,5000,5000,default,default,allon,allon,2,oldest,8,oldest,31287,34316,,90,90,63,-1,,loaded,nonlooping,volume,-1,0,1165,,snp_wpn_1p,2d,0,0,0,0,63,,no,no,none,0,,,,no,0,0,0,,yes,no,0,0,,yes,no,bus_fx,
wpn_tommy_fire_npc,raw\sound\wpn\smg\tommy\plr\wpn_tommy_fire_00.LN65.pc.snd,,,wpn_tommy_LFE_npc,grp_weapon,14671,14671,,900,900,900,alloff,default,cosdelay,cosdelay,8,priority,3,oldest,32297,33243,,20,90,63,-52,,loaded,nonlooping,volume,-1,0,368,,snp_wpn_3p,3d,0,0,0,0,63,,no,no,none,0,,,,no,0,0,0,,yes,no,0,0,,yes,no,bus_fx,
wpn_tommy_fire_npc_decay,raw\sound\wpn\smg\decay\ext\wpn_smg_decay_ext.LN65.pc.snd,,,,grp_weapon,4639,4639,,50,900,900,default,default,allon,rcurve1,3,priority,1,oldest,30927,34715,,20,70,38,-1,,loaded,nonlooping,volume,-1,0,368,,snp_wpn_3p,3d,0,0,0,0,63,,no,no,none,0,,,,no,0,2155298321,3434048311,,yes,no,0,0,,yes,no,bus_fx,
wpn_tommy_fire_npc_decay,raw\sound\wpn\smg\decay\int\wpn_smg_decay_int.LN65.pc.snd,,,,grp_weapon,2608,2608,,50,900,900,default,default,allon,rcurve1,3,priority,1,oldest,30927,34715,,20,70,38,-1,,loaded,nonlooping,volume,-1,0,368,,snp_wpn_3p,3d,0,0,0,0,63,,no,no,none,0,,,,no,0,2155298321,1609388568,,yes,no,0,0,,yes,no,bus_fx,
wpn_tommy_fire_npc_dist,raw\sound\wpn\dist_guns\ass\wpn_assault_dist_00.LN65.pc.snd,,,wpn_tommy_fire_npc_decay,grp_weapon,7353,7353,,900,6000,12500,default,allon,sindelay,sindelay,8,priority,3,oldest,27553,38966,,90,40,63,-1,,loaded,nonlooping,,-1,0,6553,,snp_wpn_3p,3d,0,0,0,0,63,,no,no,none,0,,,,no,0,0,0,,yes,no,0,0,,yes,no,bus_fx,
wpn_tommy_fire_npc_dist,raw\sound\wpn\dist_guns\ass\wpn_assault_dist_01.LN65.pc.snd,,,wpn_tommy_fire_npc_decay,grp_weapon,7353,7353,,900,6000,12500,default,allon,sindelay,sindelay,8,priority,3,oldest,27553,38966,,90,40,63,-1,,loaded,nonlooping,,-1,0,6553,,snp_wpn_3p,3d,0,0,0,0,63,,no,no,none,0,,,,no,0,0,0,,yes,no,0,0,,yes,no,bus_fx,
wpn_tommy_fire_npc_dist,raw\sound\wpn\dist_guns\ass\wpn_assault_dist_02.LN65.pc.snd,,,wpn_tommy_fire_npc_decay,grp_weapon,7353,7353,,900,6000,12500,default,allon,sindelay,sindelay,8,priority,3,oldest,27553,38966,,90,40,63,-1,,loaded,nonlooping,,-1,0,6553,,snp_wpn_3p,3d,0,0,0,0,63,,no,no,none,0,,,,no,0,0,0,,yes,no,0,0,,yes,no,bus_fx,
wpn_tommy_fire_npc_dist,raw\sound\wpn\dist_guns\ass\wpn_assault_dist_03.LN65.pc.snd,,,wpn_tommy_fire_npc_decay,grp_weapon,7353,7353,,900,6000,12500,default,allon,sindelay,sindelay,8,priority,3,oldest,27553,38966,,90,40,63,-1,,loaded,nonlooping,,-1,0,6553,,snp_wpn_3p,3d,0,0,0,0,63,,no,no,none,0,,,,no,0,0,0,,yes,no,0,0,,yes,no,bus_fx,
wpn_tommy_fire_npc_pap,raw\sound\wpn\pap\pap_shot_st.LN65.pc.snd,,,wpn_tommy_flux_l_npc_pap,grp_weapon,8250,8250,,75,1250,1250,default,default,allon,allon,10,priority,3,oldest,30927,34715,,50,90,89,-1,,loaded,nonlooping,variant,-1,0,6553,,snp_wpn_3p,3d,0,0,0,0,63,,no,no,none,0,,,,no,0,0,0,,yes,no,0,0,,yes,no,bus_fx,
wpn_tommy_fire_plr,raw\sound\wpn\smg\tommy\plr\wpn_tommy_fire_00.LN65.pc.snd,,,wpn_tommy_lfe,grp_weapon,29273,29273,,0,5000,5000,default,default,allon,allon,2,oldest,8,oldest,32297,33243,,90,90,63,-1,,loaded,nonlooping,volume,-1,0,1165,,snp_wpn_1p,2d,0,0,0,0,63,,no,no,none,0,,,,no,0,0,0,,yes,no,0,0,,yes,no,bus_fx,
wpn_tommy_fire_plr_decay,raw\sound\wpn\smg\decay\ext\wpn_smg_decay_ext.LN65.pc.snd,,,,grp_weapon,6553,6553,,0,5000,5000,default,default,allon,allon,3,oldest,8,oldest,32297,33243,,90,90,63,-1,,loaded,nonlooping,volume,-1,0,655,,snp_wpn_1p,2d,0,0,0,0,63,,no,no,none,0,,,,no,0,2155298321,3434048311,,yes,no,0,0,,yes,no,bus_fx,
wpn_tommy_fire_plr_decay,raw\sound\wpn\smg\decay\int\wpn_smg_decay_int.LN65.pc.snd,,,,grp_weapon,6553,6553,,0,5000,5000,default,default,allon,allon,3,oldest,8,oldest,32297,33243,,90,90,63,-1,,loaded,nonlooping,volume,-1,0,655,,snp_wpn_1p,2d,0,0,0,0,63,,no,no,none,0,,,,no,0,2155298321,1609388568,,yes,no,0,0,,yes,no,bus_fx,
wpn_tommy_fire_plr_pap,raw\sound\wpn\pap\pap_shot_st.LN65.pc.snd,,,wpn_tommy_flux_l_plr_pap,grp_weapon,14671,14671,,0,5000,5000,default,default,allon,allon,1,oldest,8,oldest,32767,32767,,90,90,63,-1,,loaded,nonlooping,volume,-1,0,2072,,snp_wpn_1p,2d,0,0,0,0,63,,no,no,none,0,,,,no,0,0,0,,yes,no,0,0,,yes,no,bus_hdrfx,
wpn_tommy_flux_l_npc_pap,raw\sound\wpn\pap\pap_flux_left.LN65.pc.snd,,,wpn_tommy_flux_r_npc_pap,grp_weapon,3685,3685,,25,900,900,default,default,allon,allon,8,priority,4,priority,32129,33416,,85,90,63,-1,,loaded,nonlooping,variant,-1,0,10386,,snp_wpn_3p,3d,0,0,0,0,63,,no,no,left_shot,4000,,,,no,0,0,0,,yes,no,0,0,,yes,no,bus_fx,
wpn_tommy_flux_l_plr_pap,raw\sound\wpn\pap\pap_flux_left.LN65.pc.snd,,,wpn_tommy_flux_r_plr_pap,grp_weapon,3685,3685,,25,900,900,default,default,allon,allon,8,priority,4,priority,32129,33416,,85,90,63,-1,,loaded,nonlooping,variant,-1,0,10386,,snp_wpn_3p,3d,0,0,0,0,63,,no,no,left_shot,4000,,,,no,0,0,0,,yes,no,0,0,,yes,no,bus_fx,
wpn_tommy_flux_r_npc_pap,raw\sound\wpn\pap\pap_flux_right.LN65.pc.snd,,,wpn_tommy_fire_npc,grp_weapon,3685,3685,,25,900,900,default,default,allon,allon,8,priority,4,priority,32129,33416,,85,90,63,-1,,loaded,nonlooping,variant,-1,0,10386,,snp_wpn_3p,3d,0,0,0,0,63,,no,no,right_shot,4000,,,,no,0,0,0,,yes,no,0,0,,yes,no,bus_fx,
wpn_tommy_flux_r_plr_pap,raw\sound\wpn\pap\pap_flux_right.LN65.pc.snd,,,wpn_tommy_fire_plr,grp_weapon,3685,3685,,25,900,900,default,default,allon,allon,8,priority,4,priority,32129,33416,,85,90,63,-1,,loaded,nonlooping,variant,-1,0,10386,,snp_wpn_3p,3d,0,0,0,0,63,,no,no,right_shot,4000,,,,no,0,0,0,,yes,no,0,0,,yes,no,bus_fx,
wpn_tommy_lfe,raw\sound\wpn\smg\mp7\plr\lfe\wpn_mp7_fire_lfe.LN65.pc.snd,,,wpn_tommy_fire_plr_decay,grp_wpn_lfe,13075,13075,,0,5000,5000,default,default,allon,allon,8,priority,2,oldest,32767,32767,,85,90,63,-1,,loaded,nonlooping,volume,-1,0,0,,snp_wpn_1p,2d,0,0,0,0,63,,no,no,none,0,,,,no,0,0,0,,no,no,0,0,,yes,no,bus_hdrfx,
wpn_tommy_LFE_npc,raw\sound\wpn\smg\mp7\plr\lfe\wpn_mp7_fire_lfe.LN65.pc.snd,,,wpn_tommy_fire_npc_dist,grp_wpn_lfe,7353,7353,,25,225,225,default,default,allon,allon,3,priority,1,oldest,32767,32767,,40,90,63,-65,,loaded,nonlooping,volume,-1,0,0,,snp_wpn_3p,3d,0,0,0,0,63,,no,no,none,0,,,,no,0,0,0,,no,no,0,0,,yes,no,bus_hdrfx,
wpn_tommy_pickup_npc,raw\sound\fly\pickups\weapon\fly_weapon_pickup_00.LN65.pc.snd,,,,grp_foley,3685,3685,,75,500,500,default,default,allon,allon,2,priority,1,reject,31834,33727,,15,30,63,-1,,loaded,nonlooping,volume,-1,0,20,,snp_foley,3d,0,25,250,3685,63,,no,yes,none,0,,,,no,0,0,0,,yes,no,0,0,,yes,no,bus_fx,
wpn_tommy_pickup_npc,raw\sound\fly\pickups\weapon\fly_weapon_pickup_01.LN65.pc.snd,,,,grp_foley,3685,3685,,75,500,500,default,default,allon,allon,2,priority,1,reject,31834,33727,,15,30,63,-1,,loaded,nonlooping,volume,-1,0,20,,snp_foley,3d,0,25,250,3685,63,,no,yes,none,0,,,,no,0,0,0,,yes,no,0,0,,yes,no,bus_fx,
wpn_tommy_pickup_plr,raw\sound\fly\pickups\weapon\fly_weapon_pickup_00.LN65.pc.snd,,,,grp_foley,3685,3685,,0,5000,5000,default,default,allon,allon,1,reject,8,oldest,31143,34396,,70,70,63,-1,,loaded,nonlooping,volume,-1,0,20,,snp_foley,2d,0,0,0,0,63,,no,yes,none,0,,,,no,0,0,0,,yes,no,0,0,,yes,no,bus_fx,
wpn_tommy_pickup_plr,raw\sound\fly\pickups\weapon\fly_weapon_pickup_01.LN65.pc.snd,,,,grp_foley,3685,3685,,0,5000,5000,default,default,allon,allon,1,reject,8,oldest,31143,34396,,70,70,63,-1,,loaded,nonlooping,volume,-1,0,20,,snp_foley,2d,0,0,0,0,63,,no,yes,none,0,,,,no,0,0,0,,yes,no,0,0,,yes,no,bus_fx,
wpn_tommy_silencer_fire_npc,,,,wpn_tommy_silencer_LFE_npc,grp_weapon,11653,11653,,700,700,700,alloff,default,cosdelay,cosdelay,8,priority,3,oldest,31834,33727,,20,90,63,-52,,loaded,nonlooping,volume,-1,0,0,,snp_wpn_3p,3d,0,0,0,0,63,,no,no,none,0,,,,no,0,0,0,,yes,no,0,0,,yes,no,bus_fx,
wpn_tommy_silencer_fire_npc_decay,,,,,grp_weapon,3685,3685,,50,900,900,default,default,allon,rcurve1,10,reject,1,oldest,30927,34715,,20,70,38,-1,,loaded,nonlooping,volume,-1,0,368,,snp_wpn_3p,3d,0,0,0,0,63,,no,no,none,0,,,,no,0,2155298321,3434048311,,yes,no,0,0,,yes,no,bus_fx,
wpn_tommy_silencer_fire_plr,,,,wpn_tommy_silencer_LFE,grp_weapon,29273,29273,,0,5000,5000,default,default,allon,allon,2,oldest,8,oldest,31287,34316,,90,90,63,-1,,loaded,nonlooping,volume,-1,0,0,,snp_wpn_1p,2d,0,0,0,0,63,,no,no,none,0,,,,no,0,0,0,,yes,no,0,0,,yes,no,bus_fx,
wpn_tommy_silencer_fire_plr_decay,,,,,grp_weapon,6553,6553,,0,5000,5000,default,default,allon,allon,3,oldest,8,oldest,31834,33727,,90,90,63,-1,,loaded,nonlooping,volume,-1,0,3685,,snp_wpn_1p,2d,0,0,0,0,63,,no,no,none,0,,,,no,0,2155298321,3434048311,,yes,no,0,0,,yes,no,bus_fx,
wpn_tommy_silencer_lfe,,,,wpn_tommy_silencer_fire_plr_decay,grp_wpn_lfe,13075,13075,,0,5000,5000,default,default,allon,allon,8,priority,2,oldest,32767,32767,,85,90,63,-1,,loaded,nonlooping,volume,-1,0,0,,snp_wpn_1p,2d,0,0,0,0,63,,no,no,none,0,,,,no,0,0,0,,no,no,0,0,,yes,no,bus_hdrfx,
wpn_tommy_silencer_LFE_npc,,,,wpn_tommy_silencer_fire_npc_decay,grp_wpn_lfe,7353,7353,,25,225,225,default,default,allon,allon,3,priority,1,oldest,32767,32767,,40,90,63,-65,,loaded,nonlooping,volume,-1,0,0,,snp_wpn_3p,3d,0,0,0,0,63,,no,no,none,0,,,,no,0,0,0,,no,no,0,0,,yes,no,bus_hdrfx,
fly_uzi_charge,raw\sound\wpn\smg\uzi\reload\fly_uzi_charge.LN65.pc.snd,,,,grp_foley,13075,18470,,0,5000,5000,default,default,allon,allon,8,priority,8,oldest,31143,34396,,70,70,63,-1,,loaded,nonlooping,volume,-1,0,20,,snp_foley,2d,0,0,0,0,63,,no,yes,none,0,,,,no,0,0,0,,yes,no,0,0,,yes,no,bus_fx,
fly_uzi_futz,raw\sound\wpn\smg\uzi\reload\fly_uzi_futz.LN65.pc.snd,,,,grp_foley,13075,18470,,0,5000,5000,default,default,allon,allon,8,priority,8,oldest,31143,34396,,70,70,63,-1,,loaded,nonlooping,volume,-1,0,20,,snp_foley,2d,0,0,0,0,63,,no,yes,none,0,,,,no,0,0,0,,yes,no,0,0,,yes,no,bus_fx,
fly_uzi_mag_in,raw\sound\wpn\smg\uzi\reload\fly_uzi_mag_in.LN65.pc.snd,,,,grp_foley,13075,18470,,0,5000,5000,default,default,allon,allon,8,priority,8,oldest,31143,34396,,70,70,63,-1,,loaded,nonlooping,volume,-1,0,20,,snp_foley,2d,0,0,0,0,63,,no,yes,none,0,,,,no,0,0,0,,yes,no,0,0,,yes,no,bus_fx,
fly_uzi_mag_out,raw\sound\wpn\smg\uzi\reload\fly_uzi_mag_out.LN65.pc.snd,,,,grp_foley,13075,18470,,0,5000,5000,default,default,allon,allon,8,priority,8,oldest,31143,34396,,70,70,63,-1,,loaded,nonlooping,volume,-1,0,20,,snp_foley,2d,0,0,0,0,63,,no,yes,none,0,,,,no,0,0,0,,yes,no,0,0,,yes,no,bus_fx,
fly_uzi_pull_charge,raw\sound\wpn\smg\uzi\reload\fly_uzi_pull_charge.LN65.pc.snd,,,,grp_foley,13075,18470,,0,5000,5000,default,default,allon,allon,8,priority,8,oldest,31143,34396,,70,70,63,-1,,loaded,nonlooping,volume,-1,0,20,,snp_foley,2d,0,0,0,0,63,,no,yes,none,0,,,,no,0,0,0,,yes,no,0,0,,yes,no,bus_fx,
fly_uzi_stock,raw\sound\wpn\smg\mac11\reload\fly_mac11_stock.LN65.pc.snd,,,,grp_foley,13075,18470,,0,5000,5000,default,default,allon,allon,8,priority,8,oldest,31143,34396,,70,70,63,-1,,loaded,nonlooping,volume,-1,0,20,,snp_foley,2d,0,0,0,0,63,,no,yes,none,0,,,,no,0,0,0,,yes,no,0,0,,yes,no,bus_fx,
wpn_uzi_1straise_npc,raw\sound\fly\gear\rattle\fly_cloth_00.LN65.pc.snd,,,,grp_foley,3685,3685,,75,500,500,default,default,allon,allon,4,priority,8,oldest,31107,34515,,15,30,63,-1,,loaded,nonlooping,volume,-1,0,20,,snp_foley,3d,0,25,250,3685,63,,no,yes,none,0,,,,no,0,0,0,,yes,no,0,0,,yes,no,bus_fx,
wpn_uzi_1straise_npc,raw\sound\fly\gear\rattle\fly_cloth_01.LN65.pc.snd,,,,grp_foley,3685,3685,,75,500,500,default,default,allon,allon,4,priority,8,oldest,31107,34515,,15,30,63,-1,,loaded,nonlooping,volume,-1,0,20,,snp_foley,3d,0,25,250,3685,63,,no,yes,none,0,,,,no,0,0,0,,yes,no,0,0,,yes,no,bus_fx,
wpn_uzi_1straise_npc,raw\sound\fly\gear\rattle\fly_cloth_02.LN65.pc.snd,,,,grp_foley,3685,3685,,75,500,500,default,default,allon,allon,4,priority,8,oldest,31107,34515,,15,30,63,-1,,loaded,nonlooping,volume,-1,0,20,,snp_foley,3d,0,25,250,3685,63,,no,yes,none,0,,,,no,0,0,0,,yes,no,0,0,,yes,no,bus_fx,
wpn_uzi_1straise_npc,raw\sound\fly\gear\rattle\fly_cloth_03.LN65.pc.snd,,,,grp_foley,3685,3685,,75,500,500,default,default,allon,allon,4,priority,8,oldest,31107,34515,,15,30,63,-1,,loaded,nonlooping,volume,-1,0,20,,snp_foley,3d,0,25,250,3685,63,,no,yes,none,0,,,,no,0,0,0,,yes,no,0,0,,yes,no,bus_fx,
wpn_uzi_1straise_plr,raw\sound\fly\gear\rattle\fly_cloth_00.LN65.pc.snd,,,,grp_foley,13075,18470,,0,5000,5000,default,default,allon,allon,8,priority,8,oldest,31143,34396,,70,70,63,-1,,loaded,nonlooping,volume,-1,0,20,,snp_foley,2d,0,0,0,0,63,,no,yes,none,0,,,,no,0,0,0,,yes,no,0,0,,yes,no,bus_fx,
wpn_uzi_1straise_plr,raw\sound\fly\gear\rattle\fly_cloth_01.LN65.pc.snd,,,,grp_foley,13075,18470,,0,5000,5000,default,default,allon,allon,8,priority,8,oldest,31143,34396,,70,70,63,-1,,loaded,nonlooping,volume,-1,0,20,,snp_foley,2d,0,0,0,0,63,,no,yes,none,0,,,,no,0,0,0,,yes,no,0,0,,yes,no,bus_fx,
wpn_uzi_1straise_plr,raw\sound\fly\gear\rattle\fly_cloth_02.LN65.pc.snd,,,,grp_foley,13075,18470,,0,5000,5000,default,default,allon,allon,8,priority,8,oldest,31143,34396,,70,70,63,-1,,loaded,nonlooping,volume,-1,0,20,,snp_foley,2d,0,0,0,0,63,,no,yes,none,0,,,,no,0,0,0,,yes,no,0,0,,yes,no,bus_fx,
wpn_uzi_1straise_plr,raw\sound\fly\gear\rattle\fly_cloth_03.LN65.pc.snd,,,,grp_foley,13075,18470,,0,5000,5000,default,default,allon,allon,8,priority,8,oldest,31143,34396,,70,70,63,-1,,loaded,nonlooping,volume,-1,0,20,,snp_foley,2d,0,0,0,0,63,,no,yes,none,0,,,,no,0,0,0,,yes,no,0,0,,yes,no,bus_fx,
wpn_uzi_dryfire_npc,raw\sound\wpn\smg\dry_fire\plr\dry_fire_plr.LN65.pc.snd,,,,grp_weapon,14671,14671,,900,900,900,alloff,default,cosdelay,cosdelay,8,priority,3,oldest,30047,35732,,20,90,63,-52,,loaded,nonlooping,volume,-1,0,368,,snp_wpn_3p,3d,0,0,0,0,63,,no,no,none,0,,,,no,0,0,0,,yes,no,0,0,,yes,no,bus_fx,
wpn_uzi_dryfire_plr,raw\sound\wpn\smg\dry_fire\plr\dry_fire_plr.LN65.pc.snd,,,,grp_weapon,29273,29273,,0,5000,5000,default,default,allon,allon,2,oldest,8,oldest,31287,34316,,90,90,63,-1,,loaded,nonlooping,volume,-1,0,1165,,snp_wpn_1p,2d,0,0,0,0,63,,no,no,none,0,,,,no,0,0,0,,yes,no,0,0,,yes,no,bus_fx,
wpn_uzi_fire_npc,raw\sound\wpn\smg\evoskorpion\plr\shot\wpn_evoskorpion_fire_plr.LN65.pc.snd,,,wpn_uzi_fire_npc_dist,grp_weapon,14671,14671,,900,900,900,alloff,default,cosdelay,cosdelay,8,priority,3,oldest,31834,33727,,20,90,63,-52,,loaded,nonlooping,volume,-1,0,368,,snp_wpn_3p,3d,0,0,0,0,63,,no,no,none,0,,,,no,0,0,0,,yes,no,0,0,,yes,no,bus_fx,
wpn_uzi_fire_npc_decay,raw\sound\wpn\smg\decay\ext\wpn_smg_decay_ext.LN65.pc.snd,,,,grp_weapon,4639,4639,,50,900,900,default,default,allon,rcurve1,3,priority,1,oldest,30927,34715,,20,70,38,-1,,loaded,nonlooping,volume,-1,0,368,,snp_wpn_3p,3d,0,0,0,0,63,,no,no,none,0,,,,no,0,2155298321,3434048311,,yes,no,0,0,,yes,no,bus_fx,
wpn_uzi_fire_npc_decay,raw\sound\wpn\smg\decay\int\wpn_smg_decay_int.LN65.pc.snd,,,,grp_weapon,2608,2608,,50,900,900,default,default,allon,rcurve1,3,priority,1,oldest,30927,34715,,20,70,38,-1,,loaded,nonlooping,volume,-1,0,368,,snp_wpn_3p,3d,0,0,0,0,63,,no,no,none,0,,,,no,0,2155298321,1609388568,,yes,no,0,0,,yes,no,bus_fx,
wpn_uzi_fire_npc_dist,raw\sound\wpn\dist_guns\smg\wpn_smg_dist_00.LN65.pc.snd,,,wpn_uzi_LFE_npc,grp_weapon,7353,7353,,900,6000,12500,default,allon,sindelay,sindelay,8,priority,3,oldest,27553,38966,,90,40,63,-1,,loaded,nonlooping,,-1,0,6553,,snp_wpn_3p,3d,0,0,0,0,63,,no,no,none,0,,,,no,0,0,0,,yes,no,0,0,,yes,no,bus_fx,
wpn_uzi_fire_npc_dist,raw\sound\wpn\dist_guns\smg\wpn_smg_dist_01.LN65.pc.snd,,,wpn_uzi_LFE_npc,grp_weapon,7353,7353,,900,6000,12500,default,allon,sindelay,sindelay,8,priority,3,oldest,27553,38966,,90,40,63,-1,,loaded,nonlooping,,-1,0,6553,,snp_wpn_3p,3d,0,0,0,0,63,,no,no,none,0,,,,no,0,0,0,,yes,no,0,0,,yes,no,bus_fx,
wpn_uzi_fire_npc_dist,raw\sound\wpn\dist_guns\smg\wpn_smg_dist_02.LN65.pc.snd,,,wpn_uzi_LFE_npc,grp_weapon,7353,7353,,900,6000,12500,default,allon,sindelay,sindelay,8,priority,3,oldest,27553,38966,,90,40,63,-1,,loaded,nonlooping,,-1,0,6553,,snp_wpn_3p,3d,0,0,0,0,63,,no,no,none,0,,,,no,0,0,0,,yes,no,0,0,,yes,no,bus_fx,
wpn_uzi_fire_npc_pap,raw\sound\wpn\pap\pap_shot_st.LN65.pc.snd,,,wpn_uzi_flux_l_npc_pap,grp_weapon,8250,8250,,75,1250,1250,default,default,allon,allon,10,priority,3,oldest,30927,34715,,50,90,89,-1,,loaded,nonlooping,variant,-1,0,6553,,snp_wpn_3p,3d,0,0,0,0,63,,no,no,none,0,,,,no,0,0,0,,yes,no,0,0,,yes,no,bus_fx,
wpn_uzi_fire_plr,raw\sound\wpn\smg\evoskorpion\plr\shot\wpn_evoskorpion_fire_plr.LN65.pc.snd,,,wpn_uzi_LFE,grp_weapon,29273,29273,,0,5000,5000,default,default,allon,allon,2,oldest,8,oldest,31834,33727,,90,90,63,-1,,loaded,nonlooping,volume,-1,0,1165,,snp_wpn_1p,2d,0,0,0,0,63,,no,no,none,0,,,,no,0,0,0,,yes,no,0,0,,yes,no,bus_fx,
wpn_uzi_fire_plr_decay,raw\sound\wpn\smg\decay\ext\wpn_smg_decay_ext.LN65.pc.snd,,,,grp_weapon,6553,6553,,0,5000,5000,default,default,allon,allon,3,oldest,8,oldest,31834,33727,,90,90,63,-1,,loaded,nonlooping,volume,-1,0,655,,snp_wpn_1p,2d,0,0,0,0,63,,no,no,none,0,,,,no,0,2155298321,3434048311,,yes,no,0,0,,yes,no,bus_fx,
wpn_uzi_fire_plr_decay,raw\sound\wpn\smg\decay\int\wpn_smg_decay_int.LN65.pc.snd,,,,grp_weapon,6553,6553,,0,5000,5000,default,default,allon,allon,3,oldest,8,oldest,31834,33727,,90,90,63,-1,,loaded,nonlooping,volume,-1,0,655,,snp_wpn_1p,2d,0,0,0,0,63,,no,no,none,0,,,,no,0,2155298321,1609388568,,yes,no,0,0,,yes,no,bus_fx,
wpn_uzi_fire_plr_lh,raw\sound\wpn\smg\evoskorpion\plr\shot\wpn_evoskorpion_fire_plr.LN65.pc.snd,,,wpn_uzi_LFE,grp_weapon,29273,29273,,0,5000,5000,default,default,allon,allon,2,oldest,8,oldest,31287,34316,,90,90,63,-1,,loaded,nonlooping,volume,-1,0,1165,,snp_wpn_1p,2d,0,0,0,0,63,,no,no,none,0,,,,no,0,0,0,,yes,no,0,0,,yes,no,bus_fx,
wpn_uzi_fire_plr_pap,raw\sound\wpn\pap\pap_shot_st.LN65.pc.snd,,,wpn_uzi_flux_l_plr_pap,grp_weapon,14671,14671,,0,5000,5000,default,default,allon,allon,1,oldest,8,oldest,32767,32767,,90,90,63,-1,,loaded,nonlooping,volume,-1,0,2072,,snp_wpn_1p,2d,0,0,0,0,63,,no,no,none,0,,,,no,0,0,0,,yes,no,0,0,,yes,no,bus_hdrfx,
wpn_uzi_fire_plr_rh,raw\sound\wpn\smg\evoskorpion\plr\shot\wpn_evoskorpion_fire_plr.LN65.pc.snd,,,wpn_uzi_LFE,grp_weapon,29273,29273,,0,5000,5000,default,default,allon,allon,2,oldest,8,oldest,31287,34316,,90,90,63,-1,,loaded,nonlooping,volume,-1,0,1165,,snp_wpn_1p,2d,0,0,0,0,63,,no,no,none,0,,,,no,0,0,0,,yes,no,0,0,,yes,no,bus_fx,
wpn_uzi_flux_l_npc_pap,raw\sound\wpn\pap\pap_flux_left.LN65.pc.snd,,,wpn_uzi_flux_r_npc_pap,grp_weapon,3685,3685,,25,900,900,default,default,allon,allon,8,priority,4,priority,32129,33416,,85,90,63,-1,,loaded,nonlooping,variant,-1,0,10386,,snp_wpn_3p,3d,0,0,0,0,63,,no,no,left_shot,4000,,,,no,0,0,0,,yes,no,0,0,,yes,no,bus_fx,
wpn_uzi_flux_l_plr_pap,raw\sound\wpn\pap\pap_flux_left.LN65.pc.snd,,,wpn_uzi_flux_r_plr_pap,grp_weapon,3685,3685,,25,900,900,default,default,allon,allon,8,priority,4,priority,32129,33416,,85,90,63,-1,,loaded,nonlooping,variant,-1,0,10386,,snp_wpn_3p,3d,0,0,0,0,63,,no,no,left_shot,4000,,,,no,0,0,0,,yes,no,0,0,,yes,no,bus_fx,
wpn_uzi_flux_r_npc_pap,raw\sound\wpn\pap\pap_flux_right.LN65.pc.snd,,,wpn_uzi_fire_npc,grp_weapon,3685,3685,,25,900,900,default,default,allon,allon,8,priority,4,priority,32129,33416,,85,90,63,-1,,loaded,nonlooping,variant,-1,0,10386,,snp_wpn_3p,3d,0,0,0,0,63,,no,no,right_shot,4000,,,,no,0,0,0,,yes,no,0,0,,yes,no,bus_fx,
wpn_uzi_flux_r_plr_pap,raw\sound\wpn\pap\pap_flux_right.LN65.pc.snd,,,wpn_uzi_fire_plr,grp_weapon,3685,3685,,25,900,900,default,default,allon,allon,8,priority,4,priority,32129,33416,,85,90,63,-1,,loaded,nonlooping,variant,-1,0,10386,,snp_wpn_3p,3d,0,0,0,0,63,,no,no,right_shot,4000,,,,no,0,0,0,,yes,no,0,0,,yes,no,bus_fx,
wpn_uzi_LFE,raw\sound\wpn\smg\mp7\plr\lfe\wpn_mp7_fire_lfe.LN65.pc.snd,,,wpn_uzi_fire_plr_decay,grp_wpn_lfe,13075,13075,,0,5000,5000,default,default,allon,allon,8,priority,2,oldest,32767,32767,,85,90,63,-1,,loaded,nonlooping,volume,-1,0,0,,snp_wpn_1p,2d,0,0,0,0,63,,no,no,none,0,,,,no,0,0,0,,no,no,0,0,,yes,no,bus_hdrfx,
wpn_uzi_LFE_npc,raw\sound\wpn\smg\mp7\plr\lfe\wpn_mp7_fire_lfe.LN65.pc.snd,,,wpn_uzi_fire_npc_decay,grp_wpn_lfe,7353,7353,,25,225,225,default,default,allon,allon,3,priority,1,oldest,32767,32767,,40,90,63,-65,,loaded,nonlooping,volume,-1,0,0,,snp_wpn_3p,3d,0,0,0,0,63,,no,no,none,0,,,,no,0,0,0,,no,no,0,0,,yes,no,bus_hdrfx,
wpn_uzi_pickup_npc,raw\sound\fly\pickups\weapon\fly_weapon_pickup_00.LN65.pc.snd,,,,grp_foley,3685,3685,,75,500,500,default,default,allon,allon,2,priority,1,reject,31834,33727,,15,30,63,-1,,loaded,nonlooping,volume,-1,0,20,,snp_foley,3d,0,25,250,3685,63,,no,yes,none,0,,,,no,0,0,0,,yes,no,0,0,,yes,no,bus_fx,
wpn_uzi_pickup_npc,raw\sound\fly\pickups\weapon\fly_weapon_pickup_01.LN65.pc.snd,,,,grp_foley,3685,3685,,75,500,500,default,default,allon,allon,2,priority,1,reject,31834,33727,,15,30,63,-1,,loaded,nonlooping,volume,-1,0,20,,snp_foley,3d,0,25,250,3685,63,,no,yes,none,0,,,,no,0,0,0,,yes,no,0,0,,yes,no,bus_fx,
wpn_uzi_pickup_plr,raw\sound\fly\pickups\weapon\fly_weapon_pickup_00.LN65.pc.snd,,,,grp_foley,3685,3685,,0,5000,5000,default,default,allon,allon,1,reject,8,oldest,31143,34396,,70,70,63,-1,,loaded,nonlooping,volume,-1,0,20,,snp_foley,2d,0,0,0,0,63,,no,yes,none,0,,,,no,0,0,0,,yes,no,0,0,,yes,no,bus_fx,
wpn_uzi_pickup_plr,raw\sound\fly\pickups\weapon\fly_weapon_pickup_01.LN65.pc.snd,,,,grp_foley,3685,3685,,0,5000,5000,default,default,allon,allon,1,reject,8,oldest,31143,34396,,70,70,63,-1,,loaded,nonlooping,volume,-1,0,20,,snp_foley,2d,0,0,0,0,63,,no,yes,none,0,,,,no,0,0,0,,yes,no,0,0,,yes,no,bus_fx,
wpn_uzi_raise_npc,raw\sound\fly\gear\rattle\fly_cloth_00.LN65.pc.snd,,,,grp_foley,3685,3685,,75,500,500,default,default,allon,allon,4,priority,8,oldest,31107,34515,,15,30,63,-1,,loaded,nonlooping,volume,-1,0,20,,snp_foley,3d,0,25,250,3685,63,,no,yes,none,0,,,,no,0,0,0,,yes,no,0,0,,yes,no,bus_fx,
wpn_uzi_raise_npc,raw\sound\fly\gear\rattle\fly_cloth_01.LN65.pc.snd,,,,grp_foley,3685,3685,,75,500,500,default,default,allon,allon,4,priority,8,oldest,31107,34515,,15,30,63,-1,,loaded,nonlooping,volume,-1,0,20,,snp_foley,3d,0,25,250,3685,63,,no,yes,none,0,,,,no,0,0,0,,yes,no,0,0,,yes,no,bus_fx,
wpn_uzi_raise_npc,raw\sound\fly\gear\rattle\fly_cloth_02.LN65.pc.snd,,,,grp_foley,3685,3685,,75,500,500,default,default,allon,allon,4,priority,8,oldest,31107,34515,,15,30,63,-1,,loaded,nonlooping,volume,-1,0,20,,snp_foley,3d,0,25,250,3685,63,,no,yes,none,0,,,,no,0,0,0,,yes,no,0,0,,yes,no,bus_fx,
wpn_uzi_raise_npc,raw\sound\fly\gear\rattle\fly_cloth_03.LN65.pc.snd,,,,grp_foley,3685,3685,,75,500,500,default,default,allon,allon,4,priority,8,oldest,31107,34515,,15,30,63,-1,,loaded,nonlooping,volume,-1,0,20,,snp_foley,3d,0,25,250,3685,63,,no,yes,none,0,,,,no,0,0,0,,yes,no,0,0,,yes,no,bus_fx,
wpn_uzi_raise_plr,raw\sound\fly\gear\rattle\fly_cloth_00.LN65.pc.snd,,,,grp_foley,13075,18470,,0,5000,5000,default,default,allon,allon,8,priority,8,oldest,31143,34396,,70,70,63,-1,,loaded,nonlooping,volume,-1,0,20,,snp_foley,2d,0,0,0,0,63,,no,yes,none,0,,,,no,0,0,0,,yes,no,0,0,,yes,no,bus_fx,
wpn_uzi_raise_plr,raw\sound\fly\gear\rattle\fly_cloth_01.LN65.pc.snd,,,,grp_foley,13075,18470,,0,5000,5000,default,default,allon,allon,8,priority,8,oldest,31143,34396,,70,70,63,-1,,loaded,nonlooping,volume,-1,0,20,,snp_foley,2d,0,0,0,0,63,,no,yes,none,0,,,,no,0,0,0,,yes,no,0,0,,yes,no,bus_fx,
wpn_uzi_raise_plr,raw\sound\fly\gear\rattle\fly_cloth_02.LN65.pc.snd,,,,grp_foley,13075,18470,,0,5000,5000,default,default,allon,allon,8,priority,8,oldest,31143,34396,,70,70,63,-1,,loaded,nonlooping,volume,-1,0,20,,snp_foley,2d,0,0,0,0,63,,no,yes,none,0,,,,no,0,0,0,,yes,no,0,0,,yes,no,bus_fx,
wpn_uzi_raise_plr,raw\sound\fly\gear\rattle\fly_cloth_03.LN65.pc.snd,,,,grp_foley,13075,18470,,0,5000,5000,default,default,allon,allon,8,priority,8,oldest,31143,34396,,70,70,63,-1,,loaded,nonlooping,volume,-1,0,20,,snp_foley,2d,0,0,0,0,63,,no,yes,none,0,,,,no,0,0,0,,yes,no,0,0,,yes,no,bus_fx,
wpn_uzi_silencer_fire_npc,raw\sound\wpn\smg\msmc\plr\shot\silenced\wpn_msmc_sil_shot_plr.LN65.pc.snd,,,wpn_uzi_silencer_LFE_npc,grp_weapon,11653,11653,,700,700,700,alloff,default,cosdelay,cosdelay,8,priority,3,oldest,31834,33727,,20,90,63,-52,,loaded,nonlooping,volume,-1,0,0,,snp_wpn_3p,3d,0,0,0,0,63,,no,no,none,0,,,,no,0,0,0,,yes,no,0,0,,yes,no,bus_fx,
wpn_uzi_silencer_fire_npc_decay,raw\sound\wpn\pistol\decay\ext\silenced\wpn_pistol_decay_silenced_ext.LN65.pc.snd,,,,grp_weapon,3685,3685,,50,900,900,default,default,allon,rcurve1,10,reject,1,oldest,30927,34715,,20,70,38,-1,,loaded,nonlooping,volume,-1,0,368,,snp_wpn_3p,3d,0,0,0,0,63,,no,no,none,0,,,,no,0,2155298321,3434048311,,yes,no,0,0,,yes,no,bus_fx,
wpn_uzi_silencer_fire_npc_decay,raw\sound\wpn\pistol\decay\int\silenced\wpn_pistol_decay_silenced_int.LN65.pc.snd,,,,grp_weapon,3685,3685,,50,900,900,default,default,allon,rcurve1,10,reject,1,oldest,30927,34715,,20,70,38,-1,,loaded,nonlooping,volume,-1,0,368,,snp_wpn_3p,3d,0,0,0,0,63,,no,no,none,0,,,,no,0,2155298321,1609388568,,yes,no,0,0,,yes,no,bus_fx,
wpn_uzi_silencer_fire_plr,raw\sound\wpn\smg\msmc\plr\shot\silenced\wpn_msmc_sil_shot_plr.LN65.pc.snd,,,wpn_uzi_silencer_LFE,grp_weapon,29273,29273,,0,5000,5000,default,default,allon,allon,2,oldest,8,oldest,31287,34316,,90,90,63,-1,,loaded,nonlooping,volume,-1,0,0,,snp_wpn_1p,2d,0,0,0,0,63,,no,no,none,0,,,,no,0,0,0,,yes,no,0,0,,yes,no,bus_fx,
wpn_uzi_silencer_fire_plr_decay,raw\sound\wpn\pistol\decay\ext\silenced\wpn_pistol_decay_silenced_ext.LN65.pc.snd,,,,grp_weapon,6553,6553,,0,5000,5000,default,default,allon,allon,3,oldest,8,oldest,31834,33727,,90,90,63,-1,,loaded,nonlooping,volume,-1,0,3685,,snp_wpn_1p,2d,0,0,0,0,63,,no,no,none,0,,,,no,0,2155298321,3434048311,,yes,no,0,0,,yes,no,bus_fx,
wpn_uzi_silencer_fire_plr_decay,raw\sound\wpn\pistol\decay\int\silenced\wpn_pistol_decay_silenced_int.LN65.pc.snd,,,,grp_weapon,9257,9257,,0,5000,5000,default,default,allon,allon,3,oldest,8,oldest,31834,33727,,90,90,63,-1,,loaded,nonlooping,volume,-1,0,3685,,snp_wpn_1p,2d,0,0,0,0,63,,no,no,none,0,,,,no,0,2155298321,1609388568,,yes,no,0,0,,yes,no,bus_fx,
wpn_uzi_silencer_LFE,raw\sound\wpn\smg\mp7\plr\lfe\wpn_mp7_fire_lfe.LN65.pc.snd,,,wpn_uzi_silencer_fire_plr_decay,grp_wpn_lfe,13075,13075,,0,5000,5000,default,default,allon,allon,1,priority,2,oldest,32767,32767,,85,90,63,-1,,loaded,nonlooping,volume,-1,0,0,,snp_wpn_1p,2d,0,0,0,0,63,,no,no,none,0,,,,no,0,0,0,,no,no,0,0,,yes,no,bus_hdrfx,
wpn_uzi_silencer_LFE_npc,raw\sound\wpn\smg\mp7\plr\lfe\wpn_mp7_fire_lfe.LN65.pc.snd,,,wpn_uzi_silencer_fire_npc_decay,grp_wpn_lfe,7353,7353,,25,225,225,default,default,allon,allon,3,priority,1,oldest,32767,32767,,40,90,63,-65,,loaded,nonlooping,volume,-1,0,0,,snp_wpn_3p,3d,0,0,0,0,63,,no,no,none,0,,,,no,0,0,0,,no,no,0,0,,yes,no,bus_hdrfx,
fly_uzi_charge,raw\sound\wpn\smg\uzi\reload\fly_uzi_charge.LN65.pc.snd,,,,grp_foley,13075,18470,,0,5000,5000,default,default,allon,allon,8,priority,8,oldest,31143,34396,,70,70,63,-1,,loaded,nonlooping,volume,-1,0,20,,snp_foley,2d,0,0,0,0,63,,no,yes,none,0,,,,no,0,0,0,,yes,no,0,0,,yes,no,bus_fx,
fly_uzi_futz,raw\sound\wpn\smg\uzi\reload\fly_uzi_futz.LN65.pc.snd,,,,grp_foley,13075,18470,,0,5000,5000,default,default,allon,allon,8,priority,8,oldest,31143,34396,,70,70,63,-1,,loaded,nonlooping,volume,-1,0,20,,snp_foley,2d,0,0,0,0,63,,no,yes,none,0,,,,no,0,0,0,,yes,no,0,0,,yes,no,bus_fx,
fly_uzi_mag_in,raw\sound\wpn\smg\uzi\reload\fly_uzi_mag_in.LN65.pc.snd,,,,grp_foley,13075,18470,,0,5000,5000,default,default,allon,allon,8,priority,8,oldest,31143,34396,,70,70,63,-1,,loaded,nonlooping,volume,-1,0,20,,snp_foley,2d,0,0,0,0,63,,no,yes,none,0,,,,no,0,0,0,,yes,no,0,0,,yes,no,bus_fx,
fly_uzi_mag_out,raw\sound\wpn\smg\uzi\reload\fly_uzi_mag_out.LN65.pc.snd,,,,grp_foley,13075,18470,,0,5000,5000,default,default,allon,allon,8,priority,8,oldest,31143,34396,,70,70,63,-1,,loaded,nonlooping,volume,-1,0,20,,snp_foley,2d,0,0,0,0,63,,no,yes,none,0,,,,no,0,0,0,,yes,no,0,0,,yes,no,bus_fx,
fly_uzi_pull_charge,raw\sound\wpn\smg\uzi\reload\fly_uzi_pull_charge.LN65.pc.snd,,,,grp_foley,13075,18470,,0,5000,5000,default,default,allon,allon,8,priority,8,oldest,31143,34396,,70,70,63,-1,,loaded,nonlooping,volume,-1,0,20,,snp_foley,2d,0,0,0,0,63,,no,yes,none,0,,,,no,0,0,0,,yes,no,0,0,,yes,no,bus_fx,
fly_uzi_stock,raw\sound\wpn\smg\mac11\reload\fly_mac11_stock.LN65.pc.snd,,,,grp_foley,13075,18470,,0,5000,5000,default,default,allon,allon,8,priority,8,oldest,31143,34396,,70,70,63,-1,,loaded,nonlooping,volume,-1,0,20,,snp_foley,2d,0,0,0,0,63,,no,yes,none,0,,,,no,0,0,0,,yes,no,0,0,,yes,no,bus_fx,
wpn_uzi_1straise_npc,raw\sound\fly\gear\rattle\fly_cloth_00.LN65.pc.snd,,,,grp_foley,3685,3685,,75,500,500,default,default,allon,allon,4,priority,8,oldest,31107,34515,,15,30,63,-1,,loaded,nonlooping,volume,-1,0,20,,snp_foley,3d,0,25,250,3685,63,,no,yes,none,0,,,,no,0,0,0,,yes,no,0,0,,yes,no,bus_fx,
wpn_uzi_1straise_npc,raw\sound\fly\gear\rattle\fly_cloth_01.LN65.pc.snd,,,,grp_foley,3685,3685,,75,500,500,default,default,allon,allon,4,priority,8,oldest,31107,34515,,15,30,63,-1,,loaded,nonlooping,volume,-1,0,20,,snp_foley,3d,0,25,250,3685,63,,no,yes,none,0,,,,no,0,0,0,,yes,no,0,0,,yes,no,bus_fx,
wpn_uzi_1straise_npc,raw\sound\fly\gear\rattle\fly_cloth_02.LN65.pc.snd,,,,grp_foley,3685,3685,,75,500,500,default,default,allon,allon,4,priority,8,oldest,31107,34515,,15,30,63,-1,,loaded,nonlooping,volume,-1,0,20,,snp_foley,3d,0,25,250,3685,63,,no,yes,none,0,,,,no,0,0,0,,yes,no,0,0,,yes,no,bus_fx,
wpn_uzi_1straise_npc,raw\sound\fly\gear\rattle\fly_cloth_03.LN65.pc.snd,,,,grp_foley,3685,3685,,75,500,500,default,default,allon,allon,4,priority,8,oldest,31107,34515,,15,30,63,-1,,loaded,nonlooping,volume,-1,0,20,,snp_foley,3d,0,25,250,3685,63,,no,yes,none,0,,,,no,0,0,0,,yes,no,0,0,,yes,no,bus_fx,
wpn_uzi_1straise_plr,raw\sound\fly\gear\rattle\fly_cloth_00.LN65.pc.snd,,,,grp_foley,13075,18470,,0,5000,5000,default,default,allon,allon,8,priority,8,oldest,31143,34396,,70,70,63,-1,,loaded,nonlooping,volume,-1,0,20,,snp_foley,2d,0,0,0,0,63,,no,yes,none,0,,,,no,0,0,0,,yes,no,0,0,,yes,no,bus_fx,
wpn_uzi_1straise_plr,raw\sound\fly\gear\rattle\fly_cloth_01.LN65.pc.snd,,,,grp_foley,13075,18470,,0,5000,5000,default,default,allon,allon,8,priority,8,oldest,31143,34396,,70,70,63,-1,,loaded,nonlooping,volume,-1,0,20,,snp_foley,2d,0,0,0,0,63,,no,yes,none,0,,,,no,0,0,0,,yes,no,0,0,,yes,no,bus_fx,
wpn_uzi_1straise_plr,raw\sound\fly\gear\rattle\fly_cloth_02.LN65.pc.snd,,,,grp_foley,13075,18470,,0,5000,5000,default,default,allon,allon,8,priority,8,oldest,31143,34396,,70,70,63,-1,,loaded,nonlooping,volume,-1,0,20,,snp_foley,2d,0,0,0,0,63,,no,yes,none,0,,,,no,0,0,0,,yes,no,0,0,,yes,no,bus_fx,
wpn_uzi_1straise_plr,raw\sound\fly\gear\rattle\fly_cloth_03.LN65.pc.snd,,,,grp_foley,13075,18470,,0,5000,5000,default,default,allon,allon,8,priority,8,oldest,31143,34396,,70,70,63,-1,,loaded,nonlooping,volume,-1,0,20,,snp_foley,2d,0,0,0,0,63,,no,yes,none,0,,,,no,0,0,0,,yes,no,0,0,,yes,no,bus_fx,
wpn_uzi_dryfire_npc,raw\sound\wpn\smg\dry_fire\plr\dry_fire_plr.LN65.pc.snd,,,,grp_weapon,14671,14671,,900,900,900,alloff,default,cosdelay,cosdelay,8,priority,3,oldest,30047,35732,,20,90,63,-52,,loaded,nonlooping,volume,-1,0,368,,snp_wpn_3p,3d,0,0,0,0,63,,no,no,none,0,,,,no,0,0,0,,yes,no,0,0,,yes,no,bus_fx,
wpn_uzi_dryfire_plr,raw\sound\wpn\smg\dry_fire\plr\dry_fire_plr.LN65.pc.snd,,,,grp_weapon,29273,29273,,0,5000,5000,default,default,allon,allon,2,oldest,8,oldest,31287,34316,,90,90,63,-1,,loaded,nonlooping,volume,-1,0,1165,,snp_wpn_1p,2d,0,0,0,0,63,,no,no,none,0,,,,no,0,0,0,,yes,no,0,0,,yes,no,bus_fx,
wpn_uzi_fire_npc,raw\sound\wpn\smg\evoskorpion\plr\shot\wpn_evoskorpion_fire_plr.LN65.pc.snd,,,wpn_uzi_fire_npc_dist,grp_weapon,14671,14671,,900,900,900,alloff,default,cosdelay,cosdelay,8,priority,3,oldest,31834,33727,,20,90,63,-52,,loaded,nonlooping,volume,-1,0,368,,snp_wpn_3p,3d,0,0,0,0,63,,no,no,none,0,,,,no,0,0,0,,yes,no,0,0,,yes,no,bus_fx,
wpn_uzi_fire_npc_decay,raw\sound\wpn\smg\decay\ext\wpn_smg_decay_ext.LN65.pc.snd,,,,grp_weapon,4639,4639,,50,900,900,default,default,allon,rcurve1,3,priority,1,oldest,30927,34715,,20,70,38,-1,,loaded,nonlooping,volume,-1,0,368,,snp_wpn_3p,3d,0,0,0,0,63,,no,no,none,0,,,,no,0,2155298321,3434048311,,yes,no,0,0,,yes,no,bus_fx,
wpn_uzi_fire_npc_decay,raw\sound\wpn\smg\decay\int\wpn_smg_decay_int.LN65.pc.snd,,,,grp_weapon,2608,2608,,50,900,900,default,default,allon,rcurve1,3,priority,1,oldest,30927,34715,,20,70,38,-1,,loaded,nonlooping,volume,-1,0,368,,snp_wpn_3p,3d,0,0,0,0,63,,no,no,none,0,,,,no,0,2155298321,1609388568,,yes,no,0,0,,yes,no,bus_fx,
wpn_uzi_fire_npc_dist,raw\sound\wpn\dist_guns\smg\wpn_smg_dist_00.LN65.pc.snd,,,wpn_uzi_LFE_npc,grp_weapon,7353,7353,,900,6000,12500,default,allon,sindelay,sindelay,8,priority,3,oldest,27553,38966,,90,40,63,-1,,loaded,nonlooping,,-1,0,6553,,snp_wpn_3p,3d,0,0,0,0,63,,no,no,none,0,,,,no,0,0,0,,yes,no,0,0,,yes,no,bus_fx,
wpn_uzi_fire_npc_dist,raw\sound\wpn\dist_guns\smg\wpn_smg_dist_01.LN65.pc.snd,,,wpn_uzi_LFE_npc,grp_weapon,7353,7353,,900,6000,12500,default,allon,sindelay,sindelay,8,priority,3,oldest,27553,38966,,90,40,63,-1,,loaded,nonlooping,,-1,0,6553,,snp_wpn_3p,3d,0,0,0,0,63,,no,no,none,0,,,,no,0,0,0,,yes,no,0,0,,yes,no,bus_fx,
wpn_uzi_fire_npc_dist,raw\sound\wpn\dist_guns\smg\wpn_smg_dist_02.LN65.pc.snd,,,wpn_uzi_LFE_npc,grp_weapon,7353,7353,,900,6000,12500,default,allon,sindelay,sindelay,8,priority,3,oldest,27553,38966,,90,40,63,-1,,loaded,nonlooping,,-1,0,6553,,snp_wpn_3p,3d,0,0,0,0,63,,no,no,none,0,,,,no,0,0,0,,yes,no,0,0,,yes,no,bus_fx,
wpn_uzi_fire_npc_pap,raw\sound\wpn\pap\pap_shot_st.LN65.pc.snd,,,wpn_uzi_flux_l_npc_pap,grp_weapon,8250,8250,,75,1250,1250,default,default,allon,allon,10,priority,3,oldest,30927,34715,,50,90,89,-1,,loaded,nonlooping,variant,-1,0,6553,,snp_wpn_3p,3d,0,0,0,0,63,,no,no,none,0,,,,no,0,0,0,,yes,no,0,0,,yes,no,bus_fx,
wpn_uzi_fire_plr,raw\sound\wpn\smg\evoskorpion\plr\shot\wpn_evoskorpion_fire_plr.LN65.pc.snd,,,wpn_uzi_LFE,grp_weapon,29273,29273,,0,5000,5000,default,default,allon,allon,2,oldest,8,oldest,31834,33727,,90,90,63,-1,,loaded,nonlooping,volume,-1,0,1165,,snp_wpn_1p,2d,0,0,0,0,63,,no,no,none,0,,,,no,0,0,0,,yes,no,0,0,,yes,no,bus_fx,
wpn_uzi_fire_plr_decay,raw\sound\wpn\smg\decay\ext\wpn_smg_decay_ext.LN65.pc.snd,,,,grp_weapon,6553,6553,,0,5000,5000,default,default,allon,allon,3,oldest,8,oldest,31834,33727,,90,90,63,-1,,loaded,nonlooping,volume,-1,0,655,,snp_wpn_1p,2d,0,0,0,0,63,,no,no,none,0,,,,no,0,2155298321,3434048311,,yes,no,0,0,,yes,no,bus_fx,
wpn_uzi_fire_plr_decay,raw\sound\wpn\smg\decay\int\wpn_smg_decay_int.LN65.pc.snd,,,,grp_weapon,6553,6553,,0,5000,5000,default,default,allon,allon,3,oldest,8,oldest,31834,33727,,90,90,63,-1,,loaded,nonlooping,volume,-1,0,655,,snp_wpn_1p,2d,0,0,0,0,63,,no,no,none,0,,,,no,0,2155298321,1609388568,,yes,no,0,0,,yes,no,bus_fx,
wpn_uzi_fire_plr_lh,raw\sound\wpn\smg\evoskorpion\plr\shot\wpn_evoskorpion_fire_plr.LN65.pc.snd,,,wpn_uzi_LFE,grp_weapon,29273,29273,,0,5000,5000,default,default,allon,allon,2,oldest,8,oldest,31287,34316,,90,90,63,-1,,loaded,nonlooping,volume,-1,0,1165,,snp_wpn_1p,2d,0,0,0,0,63,,no,no,none,0,,,,no,0,0,0,,yes,no,0,0,,yes,no,bus_fx,
wpn_uzi_fire_plr_pap,raw\sound\wpn\pap\pap_shot_st.LN65.pc.snd,,,wpn_uzi_flux_l_plr_pap,grp_weapon,14671,14671,,0,5000,5000,default,default,allon,allon,1,oldest,8,oldest,32767,32767,,90,90,63,-1,,loaded,nonlooping,volume,-1,0,2072,,snp_wpn_1p,2d,0,0,0,0,63,,no,no,none,0,,,,no,0,0,0,,yes,no,0,0,,yes,no,bus_hdrfx,
wpn_uzi_fire_plr_rh,raw\sound\wpn\smg\evoskorpion\plr\shot\wpn_evoskorpion_fire_plr.LN65.pc.snd,,,wpn_uzi_LFE,grp_weapon,29273,29273,,0,5000,5000,default,default,allon,allon,2,oldest,8,oldest,31287,34316,,90,90,63,-1,,loaded,nonlooping,volume,-1,0,1165,,snp_wpn_1p,2d,0,0,0,0,63,,no,no,none,0,,,,no,0,0,0,,yes,no,0,0,,yes,no,bus_fx,
wpn_uzi_flux_l_npc_pap,raw\sound\wpn\pap\pap_flux_left.LN65.pc.snd,,,wpn_uzi_flux_r_npc_pap,grp_weapon,3685,3685,,25,900,900,default,default,allon,allon,8,priority,4,priority,32129,33416,,85,90,63,-1,,loaded,nonlooping,variant,-1,0,10386,,snp_wpn_3p,3d,0,0,0,0,63,,no,no,left_shot,4000,,,,no,0,0,0,,yes,no,0,0,,yes,no,bus_fx,
wpn_uzi_flux_l_plr_pap,raw\sound\wpn\pap\pap_flux_left.LN65.pc.snd,,,wpn_uzi_flux_r_plr_pap,grp_weapon,3685,3685,,25,900,900,default,default,allon,allon,8,priority,4,priority,32129,33416,,85,90,63,-1,,loaded,nonlooping,variant,-1,0,10386,,snp_wpn_3p,3d,0,0,0,0,63,,no,no,left_shot,4000,,,,no,0,0,0,,yes,no,0,0,,yes,no,bus_fx,
wpn_uzi_flux_r_npc_pap,raw\sound\wpn\pap\pap_flux_right.LN65.pc.snd,,,wpn_uzi_fire_npc,grp_weapon,3685,3685,,25,900,900,default,default,allon,allon,8,priority,4,priority,32129,33416,,85,90,63,-1,,loaded,nonlooping,variant,-1,0,10386,,snp_wpn_3p,3d,0,0,0,0,63,,no,no,right_shot,4000,,,,no,0,0,0,,yes,no,0,0,,yes,no,bus_fx,
wpn_uzi_flux_r_plr_pap,raw\sound\wpn\pap\pap_flux_right.LN65.pc.snd,,,wpn_uzi_fire_plr,grp_weapon,3685,3685,,25,900,900,default,default,allon,allon,8,priority,4,priority,32129,33416,,85,90,63,-1,,loaded,nonlooping,variant,-1,0,10386,,snp_wpn_3p,3d,0,0,0,0,63,,no,no,right_shot,4000,,,,no,0,0,0,,yes,no,0,0,,yes,no,bus_fx,
wpn_uzi_LFE,raw\sound\wpn\smg\mp7\plr\lfe\wpn_mp7_fire_lfe.LN65.pc.snd,,,wpn_uzi_fire_plr_decay,grp_wpn_lfe,13075,13075,,0,5000,5000,default,default,allon,allon,8,priority,2,oldest,32767,32767,,85,90,63,-1,,loaded,nonlooping,volume,-1,0,0,,snp_wpn_1p,2d,0,0,0,0,63,,no,no,none,0,,,,no,0,0,0,,no,no,0,0,,yes,no,bus_hdrfx,
wpn_uzi_LFE_npc,raw\sound\wpn\smg\mp7\plr\lfe\wpn_mp7_fire_lfe.LN65.pc.snd,,,wpn_uzi_fire_npc_decay,grp_wpn_lfe,7353,7353,,25,225,225,default,default,allon,allon,3,priority,1,oldest,32767,32767,,40,90,63,-65,,loaded,nonlooping,volume,-1,0,0,,snp_wpn_3p,3d,0,0,0,0,63,,no,no,none,0,,,,no,0,0,0,,no,no,0,0,,yes,no,bus_hdrfx,
wpn_uzi_pickup_npc,raw\sound\fly\pickups\weapon\fly_weapon_pickup_00.LN65.pc.snd,,,,grp_foley,3685,3685,,75,500,500,default,default,allon,allon,2,priority,1,reject,31834,33727,,15,30,63,-1,,loaded,nonlooping,volume,-1,0,20,,snp_foley,3d,0,25,250,3685,63,,no,yes,none,0,,,,no,0,0,0,,yes,no,0,0,,yes,no,bus_fx,
wpn_uzi_pickup_npc,raw\sound\fly\pickups\weapon\fly_weapon_pickup_01.LN65.pc.snd,,,,grp_foley,3685,3685,,75,500,500,default,default,allon,allon,2,priority,1,reject,31834,33727,,15,30,63,-1,,loaded,nonlooping,volume,-1,0,20,,snp_foley,3d,0,25,250,3685,63,,no,yes,none,0,,,,no,0,0,0,,yes,no,0,0,,yes,no,bus_fx,
wpn_uzi_pickup_plr,raw\sound\fly\pickups\weapon\fly_weapon_pickup_00.LN65.pc.snd,,,,grp_foley,3685,3685,,0,5000,5000,default,default,allon,allon,1,reject,8,oldest,31143,34396,,70,70,63,-1,,loaded,nonlooping,volume,-1,0,20,,snp_foley,2d,0,0,0,0,63,,no,yes,none,0,,,,no,0,0,0,,yes,no,0,0,,yes,no,bus_fx,
wpn_uzi_pickup_plr,raw\sound\fly\pickups\weapon\fly_weapon_pickup_01.LN65.pc.snd,,,,grp_foley,3685,3685,,0,5000,5000,default,default,allon,allon,1,reject,8,oldest,31143,34396,,70,70,63,-1,,loaded,nonlooping,volume,-1,0,20,,snp_foley,2d,0,0,0,0,63,,no,yes,none,0,,,,no,0,0,0,,yes,no,0,0,,yes,no,bus_fx,
wpn_uzi_raise_npc,raw\sound\fly\gear\rattle\fly_cloth_00.LN65.pc.snd,,,,grp_foley,3685,3685,,75,500,500,default,default,allon,allon,4,priority,8,oldest,31107,34515,,15,30,63,-1,,loaded,nonlooping,volume,-1,0,20,,snp_foley,3d,0,25,250,3685,63,,no,yes,none,0,,,,no,0,0,0,,yes,no,0,0,,yes,no,bus_fx,
wpn_uzi_raise_npc,raw\sound\fly\gear\rattle\fly_cloth_01.LN65.pc.snd,,,,grp_foley,3685,3685,,75,500,500,default,default,allon,allon,4,priority,8,oldest,31107,34515,,15,30,63,-1,,loaded,nonlooping,volume,-1,0,20,,snp_foley,3d,0,25,250,3685,63,,no,yes,none,0,,,,no,0,0,0,,yes,no,0,0,,yes,no,bus_fx,
wpn_uzi_raise_npc,raw\sound\fly\gear\rattle\fly_cloth_02.LN65.pc.snd,,,,grp_foley,3685,3685,,75,500,500,default,default,allon,allon,4,priority,8,oldest,31107,34515,,15,30,63,-1,,loaded,nonlooping,volume,-1,0,20,,snp_foley,3d,0,25,250,3685,63,,no,yes,none,0,,,,no,0,0,0,,yes,no,0,0,,yes,no,bus_fx,
wpn_uzi_raise_npc,raw\sound\fly\gear\rattle\fly_cloth_03.LN65.pc.snd,,,,grp_foley,3685,3685,,75,500,500,default,default,allon,allon,4,priority,8,oldest,31107,34515,,15,30,63,-1,,loaded,nonlooping,volume,-1,0,20,,snp_foley,3d,0,25,250,3685,63,,no,yes,none,0,,,,no,0,0,0,,yes,no,0,0,,yes,no,bus_fx,
wpn_uzi_raise_plr,raw\sound\fly\gear\rattle\fly_cloth_00.LN65.pc.snd,,,,grp_foley,13075,18470,,0,5000,5000,default,default,allon,allon,8,priority,8,oldest,31143,34396,,70,70,63,-1,,loaded,nonlooping,volume,-1,0,20,,snp_foley,2d,0,0,0,0,63,,no,yes,none,0,,,,no,0,0,0,,yes,no,0,0,,yes,no,bus_fx,
wpn_uzi_raise_plr,raw\sound\fly\gear\rattle\fly_cloth_01.LN65.pc.snd,,,,grp_foley,13075,18470,,0,5000,5000,default,default,allon,allon,8,priority,8,oldest,31143,34396,,70,70,63,-1,,loaded,nonlooping,volume,-1,0,20,,snp_foley,2d,0,0,0,0,63,,no,yes,none,0,,,,no,0,0,0,,yes,no,0,0,,yes,no,bus_fx,
wpn_uzi_raise_plr,raw\sound\fly\gear\rattle\fly_cloth_02.LN65.pc.snd,,,,grp_foley,13075,18470,,0,5000,5000,default,default,allon,allon,8,priority,8,oldest,31143,34396,,70,70,63,-1,,loaded,nonlooping,volume,-1,0,20,,snp_foley,2d,0,0,0,0,63,,no,yes,none,0,,,,no,0,0,0,,yes,no,0,0,,yes,no,bus_fx,
wpn_uzi_raise_plr,raw\sound\fly\gear\rattle\fly_cloth_03.LN65.pc.snd,,,,grp_foley,13075,18470,,0,5000,5000,default,default,allon,allon,8,priority,8,oldest,31143,34396,,70,70,63,-1,,loaded,nonlooping,volume,-1,0,20,,snp_foley,2d,0,0,0,0,63,,no,yes,none,0,,,,no,0,0,0,,yes,no,0,0,,yes,no,bus_fx,
wpn_uzi_silencer_fire_npc,raw\sound\wpn\smg\msmc\plr\shot\silenced\wpn_msmc_sil_shot_plr.LN65.pc.snd,,,wpn_uzi_silencer_LFE_npc,grp_weapon,11653,11653,,700,700,700,alloff,default,cosdelay,cosdelay,8,priority,3,oldest,31834,33727,,20,90,63,-52,,loaded,nonlooping,volume,-1,0,0,,snp_wpn_3p,3d,0,0,0,0,63,,no,no,none,0,,,,no,0,0,0,,yes,no,0,0,,yes,no,bus_fx,
wpn_uzi_silencer_fire_npc_decay,raw\sound\wpn\pistol\decay\ext\silenced\wpn_pistol_decay_silenced_ext.LN65.pc.snd,,,,grp_weapon,3685,3685,,50,900,900,default,default,allon,rcurve1,10,reject,1,oldest,30927,34715,,20,70,38,-1,,loaded,nonlooping,volume,-1,0,368,,snp_wpn_3p,3d,0,0,0,0,63,,no,no,none,0,,,,no,0,2155298321,3434048311,,yes,no,0,0,,yes,no,bus_fx,
wpn_uzi_silencer_fire_npc_decay,raw\sound\wpn\pistol\decay\int\silenced\wpn_pistol_decay_silenced_int.LN65.pc.snd,,,,grp_weapon,3685,3685,,50,900,900,default,default,allon,rcurve1,10,reject,1,oldest,30927,34715,,20,70,38,-1,,loaded,nonlooping,volume,-1,0,368,,snp_wpn_3p,3d,0,0,0,0,63,,no,no,none,0,,,,no,0,2155298321,1609388568,,yes,no,0,0,,yes,no,bus_fx,
wpn_uzi_silencer_fire_plr,raw\sound\wpn\smg\msmc\plr\shot\silenced\wpn_msmc_sil_shot_plr.LN65.pc.snd,,,wpn_uzi_silencer_LFE,grp_weapon,29273,29273,,0,5000,5000,default,default,allon,allon,2,oldest,8,oldest,31287,34316,,90,90,63,-1,,loaded,nonlooping,volume,-1,0,0,,snp_wpn_1p,2d,0,0,0,0,63,,no,no,none,0,,,,no,0,0,0,,yes,no,0,0,,yes,no,bus_fx,
wpn_uzi_silencer_fire_plr_decay,raw\sound\wpn\pistol\decay\ext\silenced\wpn_pistol_decay_silenced_ext.LN65.pc.snd,,,,grp_weapon,6553,6553,,0,5000,5000,default,default,allon,allon,3,oldest,8,oldest,31834,33727,,90,90,63,-1,,loaded,nonlooping,volume,-1,0,3685,,snp_wpn_1p,2d,0,0,0,0,63,,no,no,none,0,,,,no,0,2155298321,3434048311,,yes,no,0,0,,yes,no,bus_fx,
wpn_uzi_silencer_fire_plr_decay,raw\sound\wpn\pistol\decay\int\silenced\wpn_pistol_decay_silenced_int.LN65.pc.snd,,,,grp_weapon,9257,9257,,0,5000,5000,default,default,allon,allon,3,oldest,8,oldest,31834,33727,,90,90,63,-1,,loaded,nonlooping,volume,-1,0,3685,,snp_wpn_1p,2d,0,0,0,0,63,,no,no,none,0,,,,no,0,2155298321,1609388568,,yes,no,0,0,,yes,no,bus_fx,
wpn_uzi_silencer_LFE,raw\sound\wpn\smg\mp7\plr\lfe\wpn_mp7_fire_lfe.LN65.pc.snd,,,wpn_uzi_silencer_fire_plr_decay,grp_wpn_lfe,13075,13075,,0,5000,5000,default,default,allon,allon,1,priority,2,oldest,32767,32767,,85,90,63,-1,,loaded,nonlooping,volume,-1,0,0,,snp_wpn_1p,2d,0,0,0,0,63,,no,no,none,0,,,,no,0,0,0,,no,no,0,0,,yes,no,bus_hdrfx,
wpn_uzi_silencer_LFE_npc,raw\sound\wpn\smg\mp7\plr\lfe\wpn_mp7_fire_lfe.LN65.pc.snd,,,wpn_uzi_silencer_fire_npc_decay,grp_wpn_lfe,7353,7353,,25,225,225,default,default,allon,allon,3,priority,1,oldest,32767,32767,,40,90,63,-65,,loaded,nonlooping,volume,-1,0,0,,snp_wpn_3p,3d,0,0,0,0,63,,no,no,none,0,,,,no,0,0,0,,no,no,0,0,,yes,no,bus_hdrfx,